Date,BDI,VLSFO,BDI_lag_7d,BDI_lag_14d,BDI_lag_30d,BDI_avg_7d_final,BDI_avg_30d_final,BDI_volatility_7d_final,BDI_volatility_30d_final,BDI_relative_volatility_final,BDI_momentum_final,Fuel_momentum_final,BDI_change_7d_pct,BDI_change_14d_pct,BDI_change_30d_pct,BDI_vs_7d_avg_pct,BDI_vs_30d_avg_pct,Fuel_change_7d_pct,BDI_trend_strength,Fuel_lag_1,Fuel_avg_7d_final,Fuel_avg_30d_final,month,quarter,day_of_week,year
2022-01-02,1440,,,,,1440.0,1440.0,,,,0.0,,,,,0.0,0.0,,,,,,1,1,6,2022
2022-01-03,2069,,,,,1754.5,1754.5,444.7701653663384,444.7701653663384,0.2535025165952342,314.5,,,,,17.92533485323454,17.92533485323454,,,,,,1,1,0,2022
2022-01-04,2357,,,,,1955.3333333333333,1955.3333333333333,468.9481136899192,468.9481136899192,0.23983026612167704,401.66666666666674,,,,,20.54210705762019,20.54210705762019,,,,,,1,1,1,2022
2022-01-06,2633,,,,,2124.75,2124.75,511.2888127076516,511.2888127076516,0.24063481007537432,508.25,,,,,23.92046123073303,23.92046123073303,,,,,,1,1,3,2022
2022-01-07,2214,,,,,2142.6,2142.6,444.58441268222623,444.58441268222623,0.20749762563344826,71.40000000000009,,,,,3.3323998879865626,3.3323998879865626,,,,,,1,1,4,2022
2022-01-08,1872,,,,,2097.5,2097.5,412.7084927645662,412.7084927645662,0.196762094285848,-225.5,,,,,-10.750893921334923,-10.750893921334923,,,,,,1,1,5,2022
2022-01-09,1002,,1440.0,,,2024.5,1941.0,563.4681002505821,559.8088959636136,0.278324574092656,-1022.5,,-30.416666666666664,,,-50.506297851321314,-48.37712519319938,,,,,,1,1,6,2022
2022-01-11,1377,,2357.0,,,1819.6,1870.5,648.8992988129976,555.3184414627083,0.3566164535134082,-442.5999999999999,,-41.5782774713619,,,-24.32402725873818,-26.383319967923015,,,,,,1,1,1,2022
2022-01-12,1338,,2357.0,,,1739.3333333333333,1811.3333333333333,612.7908833090344,548.9421645310186,0.3523136546429864,-401.33333333333326,,-43.23292320746712,,,-23.07397470295132,-26.131762973868234,,,,,,1,1,2,2022
2022-01-13,1873,,2633.0,,,1612.6666666666667,1817.5,447.33060108455203,517.9148900479048,0.2773856559019545,260.33333333333326,,-28.864413216862893,,,16.143034311699044,3.0536451169188448,,,,,,1,1,3,2022
2022-01-14,1764,,2214.0,,,1537.6666666666667,1812.6363636363637,354.4215945264433,491.60192691389494,0.23049312455654233,226.33333333333326,,-20.32520325203252,,,14.719271623672226,-2.6831837103164706,,,,,,1,1,4,2022
2022-01-17,1731,,1002.0,2069.0,,1616.6,1805.8333333333333,242.683538790747,469.3161046252366,0.1501197196528189,114.40000000000009,,72.75449101796407,-16.336394393426776,,7.0765804775454715,-4.143977849561602,,28.20904831226865,,,,1,1,0,2022
2022-01-18,1644,,1377.0,2357.0,,1670.0,1793.3846153846155,202.89529319331203,451.57216818236606,0.12149418754090541,-26.0,,19.389978213507625,-30.2503182011031,,-1.5568862275449102,-8.329758943124308,,-5.430169993797737,,,,1,1,1,2022
2022-01-19,1570,,1338.0,2357.0,,1716.4,1777.4285714285713,115.84170233555835,437.9449762216735,0.0674910873546716,-146.4000000000001,,17.339312406576983,-33.38990241832838,,-8.529480307620606,-11.670149493650534,,-8.0252950058757,,,,1,1,2,2022
2022-01-20,1474,,1873.0,2633.0,,1636.6,1757.2,118.39679049704023,429.22491606549187,0.07234314462730064,-162.5999999999999,,-21.30272290443139,-44.01823015571591,,-9.935231577661,-16.116549055315275,,-32.66047653007365,,,,1,1,3,2022
2022-01-21,1415,,1764.0,2214.0,,1566.8,1735.8125,127.06966593172415,423.403545686618,0.08110139515683186,-151.79999999999995,,-19.784580498866212,-36.088527551942185,,-9.688537145774825,-18.481978900370862,,-27.9365540254042,,,,1,1,4,2022
2022-01-24,1391,,1731.0,1002.0,,1498.8,1715.5294117647059,106.5490497376674,418.4017384116399,0.07108957148229744,-107.79999999999995,,-19.641825534373194,38.822355289421154,,-7.192420603149182,-18.917158140172816,,9.59026487752398,,,,1,1,0,2022
2022-01-25,1343,,1644.0,1377.0,,1438.6,1694.8333333333333,87.29432971275897,415.2978024332447,0.06068005680019392,-95.59999999999991,,-18.309002433090026,-2.4691358024691357,,-6.645349645488665,-20.75917002655128,,-10.38906911777958,,,,1,1,1,2022
2022-01-26,1296,,1570.0,1338.0,,1383.8,1673.842105263158,68.07128616384318,413.8387049131709,0.04919156392820002,-87.79999999999995,,-17.452229299363058,-3.1390134529147984,,-6.344847521318106,-22.573342137534198,,-10.295621376138929,,,,1,1,2,2022
2022-01-27,1302,,1474.0,1873.0,,1349.4,1655.25,52.85167925430373,411.2930668539226,0.039166799506672394,-47.40000000000009,,-11.668928086838534,-30.485851575013346,,-3.5126722987994725,-21.341187131853196,,-21.077389830925938,,,,1,1,3,2022
2022-01-28,1381,,1415.0,1764.0,,1342.6,1642.1904761904761,43.69553752958982,405.3214303546778,0.03254546218500657,38.40000000000009,,-2.402826855123675,-21.71201814058957,,2.860122151050208,-15.90500492953662,,-12.057422497856622,,,,1,1,4,2022
2022-01-31,1418,,1391.0,1731.0,,1348.0,1632.0,52.043251243555105,398.4306117518487,0.03860775314803791,70.0,,1.9410496046010064,-18.08203350664356,,5.192878338278932,-13.112745098039216,,-8.070491951021276,,,,1,1,0,2022
2022-02-02,1419,,1296.0,1570.0,2069.0,1380.0,1610.1904761904761,54.92419017761156,396.31005778905217,0.039800137809863446,39.0,,9.49074074074074,-9.61783439490446,-31.41614306428226,2.8260869565217392,-11.87378009108653,,-0.06354682708185955,,,,2,1,2,2022
2022-02-03,2137,,1302.0,1474.0,2357.0,1588.75,1599.7142857142858,365.927474599362,378.06958921039165,0.23032413822147094,548.25,,64.1321044546851,44.97964721845319,-9.333899024183284,34.508261211644374,33.58635470619753,,54.55587583656914,,,,2,1,3,2022
2022-02-08,1817,,1418.0,1343.0,1002.0,1791.0,1538.3333333333333,359.70543504373194,237.84572360102268,0.20084055557997316,26.0,,28.138222849083217,35.294117647058826,81.3373253493014,1.4517029592406476,18.114842903575305,,31.716170248071023,,,,2,1,1,2022
2022-02-09,1086,,1419.0,1296.0,1002.0,1680.0,1514.5263157894738,538.7272036940406,253.3702535423543,0.32067095457978606,-594.0,,-23.46723044397463,-16.203703703703702,8.383233532934131,-35.35714285714286,-28.294412010008347,,-19.835467073839165,,,,2,1,2,2022
2022-02-11,1321,,2137.0,1381.0,1338.0,1408.0,1521.2222222222222,373.18494074654154,259.1963951173512,0.26504612268930505,-87.0,,-38.18437061300889,-4.344677769732078,-1.2705530642750373,-6.1789772727272725,-13.161931195675988,,-21.264524191370484,,,,2,1,4,2022
2022-02-12,1324,,2137.0,1381.0,1873.0,1387.0,1490.7222222222222,307.58521854384753,247.39960662757133,0.22176295497032988,-63.0,,-38.043986897519886,-4.127443881245474,-29.311265349706357,-4.542177361211247,-11.183989863228112,,-21.08571538938268,,,,2,1,5,2022
2022-02-14,1984,,2137.0,1418.0,1764.0,1506.4,1502.9444444444443,377.1449323535979,266.39918570406854,0.2503617447912891,477.5999999999999,,-7.159569489939168,39.915373765867415,12.471655328798185,31.704726500265522,32.00754075333606,,16.377902137964124,,,,2,1,0,2022
2022-02-15,1968,,1817.0,1418.0,1764.0,1536.6,1527.421052631579,412.61216656807386,280.01573681758856,0.2685228208825159,431.4000000000001,,8.310401761144744,38.787023977433,11.564625850340136,28.07497071456463,28.84462975087006,,23.548712869288874,,,,2,1,1,2022
2022-02-16,1896,,1086.0,1419.0,1731.0,1698.6,1536.1052631578948,344.92868828208543,289.0916607308027,0.20306645960325295,197.4000000000001,,74.58563535911603,33.61522198731501,9.532062391681109,11.621335217237732,23.429041321181383,,54.10042867321552,,,,2,1,2,2022
2022-02-17,1886,,1086.0,2137.0,1644.0,1729.8333333333333,1548.842105263158,317.8580920264053,299.26154728633367,0.18375070355125078,156.16666666666674,,73.66482504604052,-11.745437529246608,14.720194647201945,9.027844686385976,21.768383852113633,,30.959693758396956,,,,2,1,3,2022
2022-02-18,1964,,1321.0,2137.0,1570.0,1837.0,1569.578947368421,254.53879861427833,314.09239896520785,0.1385622202581809,127.0,,48.675246025738076,-8.095460926532521,25.095541401273884,6.913445835601524,25.129099322647715,,20.289892549602776,,,,2,1,4,2022
2022-02-21,2045,,1984.0,2137.0,1415.0,1951.8,1609.888888888889,64.30552075833194,337.77122241660925,0.032946777722272745,93.20000000000005,,3.0745967741935485,-4.305100608329434,44.522968197879855,4.775079413874375,27.027400096625026,,-0.6152519170679429,,,,2,1,0,2022
2022-02-22,2148,,1968.0,1817.0,1415.0,1987.8,1638.2105263157894,109.87811429033667,350.7011356550014,0.05527624222272697,160.20000000000005,,9.146341463414634,18.2168409466153,51.802120141342755,8.059160881376398,31.11867891794642,,13.681591205014968,,,,2,1,1,2022
2022-02-23,2244,,1896.0,1086.0,1391.0,2057.4,1683.1052631578948,142.551043489693,371.29022711153885,0.06928698526766452,186.5999999999999,,18.354430379746837,106.62983425414365,61.322789360172536,9.069699620880717,33.32499452765877,,62.492132316945245,,,,2,1,2,2022
2022-02-24,2187,,1886.0,1086.0,1343.0,2117.6,1727.5263157894738,112.45132280235927,378.75253844709357,0.0531031936165278,69.40000000000009,,15.959703075291623,101.38121546961325,62.84437825763217,3.2772950510011376,26.597203180696454,,58.67045927245244,,,,2,1,3,2022
2022-02-25,2076,,1964.0,1321.0,1296.0,2140.0,1768.578947368421,80.94751385929301,371.5852400772601,0.0378259410557444,-64.0,,5.7026476578411405,57.15367146101439,60.18518518518518,-2.990654205607477,17.382376573520222,,31.428159559427765,,,,2,1,4,2022
2022-02-28,2040,,2045.0,1984.0,1381.0,2139.0,1831.111111111111,82.43178998420714,353.1981428385141,0.03853753622450077,-99.0,,-0.24449877750611246,2.82258064516129,47.719044170890655,-4.628330995792426,11.407766990291265,,1.2890409338275888,,,,2,1,0,2022
2022-03-02,1425,,2244.0,1896.0,1418.0,1932.0,1831.5,343.7411817050731,352.720060637995,0.17791986630697365,-507.0,,-36.49732620320856,-24.841772151898734,0.4936530324400564,-26.242236024844722,-22.194922194922196,,-30.669549177553648,,,,3,1,2,2022
2022-03-03,2104,,2187.0,1886.0,1418.0,1911.25,1845.842105263158,325.2233847680699,348.4363903622227,0.17016266044110917,192.75,,-3.7951531778692273,11.558854718981973,48.37799717912553,10.085022890778287,13.985914288158305,,3.8818507705563725,,,,3,1,3,2022
2022-03-05,2412,,2076.0,1964.0,2137.0,1995.25,1884.8333333333333,413.3984155750966,360.6810959021512,0.2071912870943975,416.75,,16.184971098265898,22.810590631364562,12.868507253158635,20.88710687883724,27.968874347864535,,19.49778086481523,,,,3,1,5,2022
2022-03-08,1731,,2040.0,2148.0,2137.0,1918.0,1876.7368421052631,430.75515086879693,352.291205634276,0.2245855843945761,-187.0,,-15.147058823529411,-19.41340782122905,-18.99859616284511,-9.749739311783108,-7.765438330809355,,-17.28023332237923,,,,3,1,1,2022
2022-03-10,1788,,2104.0,2187.0,1817.0,1977.0,1875.2105263157894,377.79756484127887,352.6270581014217,0.19109639091617545,-189.0,,-15.019011406844108,-18.244170096021946,-1.5960374243258117,-9.559939301972687,-4.650705885654938,,-16.631590751433027,,,,3,1,3,2022
2022-03-11,1290,,2104.0,2076.0,1086.0,1805.25,1885.9473684210527,461.67764728216997,329.6170292398628,0.2557416686232765,-515.25,,-38.68821292775665,-37.861271676300575,18.784530386740332,-28.541753219775657,-31.599363715011304,,-38.27474230202861,,,,3,1,4,2022
2022-03-14,2727,,2412.0,2040.0,1324.0,1884.0,1995.2777777777778,604.4584352955958,326.56101232578607,0.3208378106664521,843.0,,13.059701492537313,33.6764705882353,105.96676737160121,44.745222929936304,36.67269942920785,,23.368086040386306,,,,3,1,0,2022
2022-03-15,2689,,1731.0,2040.0,1324.0,2123.5,2031.7894736842106,705.0496436422053,355.0302927525061,0.3320224363749495,565.5,,55.34373194685153,31.813725490196077,103.09667673716012,26.630562750176594,32.34638897523572,,43.578728718523806,,,,3,1,1,2022
2022-03-16,2591,,1731.0,1425.0,1984.0,2217.0,2063.7368421052633,645.3932909474661,377.1146071164377,0.2911110919925422,374.0,,49.682264586943965,81.82456140350877,30.59475806451613,16.869643662607125,25.548953099895428,,65.75341299522637,,,,3,1,2,2022
2022-03-17,2588,,1788.0,2104.0,1968.0,2377.0,2096.3684210526317,610.6819958046913,394.7807000976505,0.2569129136746703,211.0,,44.742729306487696,23.00380228136882,31.50406504065041,8.876735380732015,23.451582937912676,,33.873265793928255,,,,3,1,3,2022
2022-03-18,2605,,1290.0,2104.0,1896.0,2640.0,2133.684210526316,63.835726674030695,408.0736660935924,0.024180199497738898,-35.0,,101.93798449612403,23.811787072243344,37.39451476793249,-1.3257575757575757,22.089294523926984,,62.87488578418369,,,,3,1,4,2022
2022-03-21,2589,,2727.0,2412.0,1964.0,2612.4,2182.1666666666665,43.368191108247736,425.11565900283216,0.01660089998018976,-23.40000000000009,,-5.060506050605061,7.338308457711443,31.822810590631363,-0.8957280661460761,18.643549988543505,,1.138901203553191,,,,3,1,0,2022
2022-03-22,2546,,2689.0,1731.0,1964.0,2583.8,2201.315789473684,22.21936092693586,421.48573886927176,0.008599489483294318,-37.80000000000018,,-5.317962067683154,47.08261120739457,29.633401221995925,-1.4629615295301563,15.658099222952782,,20.882324569855708,,,,3,1,1,2022
2022-03-23,2575,,2591.0,1731.0,2045.0,2580.6,2229.2105263157896,22.074872593096398,428.0527717917465,0.00855416282767434,-5.599999999999909,,-0.6175221922037823,48.7579433853264,25.91687041564792,-0.21700379756645388,15.51174595679376,,24.07021059656131,,,,3,1,2,2022
2022-03-24,2567,,2588.0,1788.0,2148.0,2576.4,2251.2631578947367,22.31143204730326,434.38281147000436,0.008659925495770555,-9.400000000000091,,-0.8114374034003091,43.56823266219239,19.50651769087523,-0.36485017854370794,14.024874924019274,,21.37839762939604,,,,3,1,3,2022
2022-03-25,2544,,2605.0,1290.0,2244.0,2564.2,2267.0526315789475,19.227584351691412,439.5260671936201,0.0074984729551873545,-20.199999999999818,,-2.3416506717850285,97.20930232558139,13.368983957219251,-0.787770064737533,12.21618609834238,,47.43382582689818,,,,3,1,4,2022
2022-03-28,2484,,2589.0,2727.0,2076.0,2543.2,2294.1666666666665,35.674921163211735,451.67795007973984,0.014027572020765862,-59.19999999999982,,-4.055619930475087,-8.91089108910891,19.653179190751445,-2.3277760301981685,8.27460951689067,,-6.483255509791999,,,,3,1,0,2022
2022-03-29,2417,,2546.0,2689.0,2076.0,2517.4,2300.6315789473683,66.48533672924673,439.8556847328605,0.02641031887234715,-100.40000000000009,,-5.066771406127259,-10.115284492376347,16.42581888246628,-3.988241836815766,5.05810761346999,,-7.591027949251803,,,,3,1,1,2022
2022-03-30,2369,,2575.0,2591.0,2040.0,2476.2,2317.9473684210525,83.51466937012474,435.4794897178431,0.03372694829582616,-107.19999999999982,,-8.0,-8.56812041682748,16.127450980392158,-4.32921411840723,2.2024931314002925,,-8.28406020841374,,,,3,1,2,2022
2022-03-31,2358,,2567.0,2588.0,2040.0,2434.4,2319.95,78.88155677977694,423.9592178748486,0.032402874129057235,-76.40000000000009,,-8.141799766264121,-8.887171561051005,15.588235294117647,-3.13835031219192,1.6401215543438517,,-8.514485663657563,,,,3,1,3,2022
2022-04-01,2285,,2544.0,2605.0,1425.0,2382.6,2362.95,73.79227601857177,368.38144918720315,0.030971323771750093,-97.59999999999991,,-10.180817610062894,-12.284069097888676,60.35087719298245,-4.096365315201877,-3.298842548509271,,-11.232443353975786,,,,4,2,4,2022
2022-04-02,1423,,2544.0,2605.0,2104.0,2222.6666666666665,2328.9,397.27605851179527,421.2547547756029,0.17873847863458098,-799.6666666666665,,-44.064465408805034,-45.3742802303263,-32.366920152091254,-35.97780443911217,-38.898192279616985,,-44.71937281956566,,,,4,2,5,2022
2022-04-03,2148,,2544.0,2605.0,2104.0,2212.0,2320.285714285714,363.7581614204698,412.4816532716515,0.1644476317452395,-64.0,,-15.566037735849056,-17.543186180422264,2.091254752851711,-2.8933092224231465,-7.425193941632802,,-16.55461195813566,,,,4,2,6,2022
2022-04-04,2307,,2484.0,2589.0,2412.0,2186.714285714286,2315.285714285714,347.4875126224998,411.9503784264737,0.15890851168468667,120.28571428571422,,-7.125603864734299,-10.89223638470452,-4.353233830845771,5.500751290259355,-0.357870056148575,,-9.00892012471941,,,,4,2,0,2022
2022-04-05,2485,,2417.0,2546.0,2412.0,2196.4285714285716,2323.0,355.8482153685092,403.6474180460451,0.16201219561493102,288.57142857142844,,2.813405047579644,-2.3959151610369207,3.0265339966832503,13.138211382113814,6.973740852346104,,0.20874494327136173,,,,4,2,1,2022
2022-04-07,2159,,2358.0,2567.0,1731.0,2134.5,2342.4545454545455,369.39721168411734,383.57103114121713,0.1730603006250257,24.5,,-8.439355385920273,-15.894039735099339,24.725592143269786,1.1478097915202623,-7.831722746148176,,-12.166697560509807,,,,4,2,3,2022
2022-04-08,1603,,2285.0,2544.0,1731.0,2020.8333333333333,2310.304347826087,415.8347828966057,405.2317445591097,0.20577391318594923,-417.83333333333326,,-29.846827133479216,-36.98899371069182,-7.394569612940496,-20.676288659793812,-30.615202213147146,,-33.41791042208552,,,,4,2,4,2022
2022-04-10,1865,,2148.0,2544.0,1290.0,2083.8,2360.181818181818,351.9505647104444,341.0364645164368,0.16889843781094363,-218.80000000000018,,-13.175046554934825,-26.690251572327046,44.57364341085272,-10.500047989250415,-20.980664047453963,,-19.932649063630937,,,,4,2,6,2022
2022-04-11,1323,,2307.0,2484.0,1290.0,1887.0,2315.086956521739,455.7477372406807,397.2289142002133,0.2415197335668684,-564.0,,-42.65279583875163,-46.73913043478261,2.558139534883721,-29.88871224165342,-42.85311848554848,,-44.69596313676712,,,,4,2,0,2022
2022-04-13,2068,,2485.0,2369.0,2727.0,1803.6,2286.4347826086955,343.22121146572573,389.8656908692999,0.19029785510408392,264.4000000000001,,-16.780684104627767,-12.705783030814692,-24.165749908324166,14.659569749390114,-9.553510306533806,,-14.74323356772123,,,,4,2,2,2022
2022-04-14,2137,,2159.0,2358.0,2689.0,1799.2,2262.4347826086955,337.6213855785804,380.8435405406555,0.18765083680445774,337.79999999999995,,-1.0189902732746643,-9.372349448685327,-20.52807735217553,18.775011116051576,-5.544238604043349,,-5.195669860979995,,,,4,2,3,2022
2022-04-19,2115,,1323.0,2485.0,2605.0,2106.6666666666665,2207.9523809523807,35.246749259112775,375.4346116423576,0.0167310518635029,8.333333333333485,,59.863945578231295,-14.88933601609658,-18.809980806142036,0.39556962025317177,-4.209890654991687,,22.48730478106736,,,,4,2,1,2022
2022-04-20,2142,,2068.0,2485.0,2589.0,2131.3333333333335,2186.6666666666665,14.36430761766167,365.28486600642725,0.006739587559115578,10.666666666666515,,3.5783365570599615,-13.802816901408452,-17.265353418308226,0.5004691898654917,-2.0426829268292614,,-5.112240172174245,,,,4,2,2,2022
2022-04-21,2239,,2137.0,2159.0,2546.0,2165.3333333333335,2172.0476190476193,65.20991744615908,356.2155914878626,0.030115417539790214,73.66666666666652,,4.773046326626111,3.7054191755442334,-12.058130400628436,3.402093596059106,3.082454563392005,,4.239232751085172,,,,4,2,3,2022
2022-04-22,2307,,2137.0,1603.0,2575.0,2200.75,2159.285714285714,88.61292230821124,345.703072427357,0.04026487438746393,106.25,,7.95507721104352,43.91765439800374,-10.407766990291261,4.827899579688742,6.840886536553096,,25.936365804523632,,,,4,2,4,2022
2022-04-25,2356,,2137.0,1323.0,2544.0,2231.8,2129.5,103.48768042622675,332.2118062479513,0.046369603202001404,124.19999999999982,,10.248011230697239,78.0801209372638,-7.3899371069182385,5.5650147862711625,10.636299600845268,,44.16406608398052,,,,4,2,0,2022
2022-04-26,2404,,2115.0,1323.0,2544.0,2289.6,2142.5714285714284,102.64648069953928,329.2940284044902,0.04483162154941443,114.40000000000009,,13.664302600472814,81.708238851096,-5.50314465408805,4.99650593990217,12.201626883584485,,47.686270725784404,,,,4,2,1,2022
2022-04-27,2425,,2142.0,2068.0,2484.0,2346.2,2139.7619047619046,75.29076968660225,326.474946169213,0.032090516446424966,78.80000000000018,,13.211951447245566,17.263056092843325,-2.375201288244767,3.3586224533287954,13.330366084344062,,15.237503770044444,,,,4,2,2,2022
2022-04-28,2403,,2239.0,2137.0,2417.0,2379.0,2139.095238095238,47.513156072829354,325.89429340844634,0.01997190251064706,24.0,,7.324698526127736,12.447356106691624,-0.5792304509722797,1.008827238335435,12.33721422052047,,9.88602731640968,,,,4,2,3,2022
2022-04-29,2404,,2307.0,2137.0,2369.0,2398.4,2140.7619047619046,25.44209110904763,327.21566355569,0.01060794325760825,5.599999999999909,,4.204594711746858,12.494150678521292,1.47741663149008,0.23348899266177073,12.296467657264891,,8.349372695134075,,,,4,2,4,2022
2022-05-01,2289,,2307.0,2137.0,2285.0,2380.1666666666665,2130.1,50.12550914122971,331.9088175356219,0.021059663528280814,-91.16666666666652,,-0.7802340702210664,7.1127749181094995,0.175054704595186,-3.8302639871157425,7.45974367400592,,3.1662704239442165,,,,5,2,6,2022
2022-05-04,2213,,2425.0,2142.0,2307.0,2327.25,2163.1666666666665,93.35371801202099,301.8270346134182,0.04011331743990589,-114.25,,-8.742268041237114,3.3146591970121384,-4.074555700043346,-4.909227629176066,2.3037213961014014,,-2.7138044221124877,,,,5,2,2,2022
2022-05-05,2644,,2403.0,2239.0,2485.0,2387.5,2172.0,188.16393561644082,313.8857041888302,0.07881211962992286,256.5,,10.029130253849356,18.088432335864223,6.398390342052314,10.743455497382199,21.731123388581953,,14.05878129485679,,,,5,2,3,2022
2022-05-07,2098,,2404.0,2307.0,2159.0,2311.0,2168.6111111111113,235.47540565135012,314.3632479059648,0.10189329539218958,-213.0,,-12.728785357737104,-9.059384482011271,-2.825382121352478,-9.216789268714843,-3.2560522607916065,,-10.894084919874189,,,,5,2,5,2022
2022-05-08,1560,,2289.0,2307.0,1603.0,2128.75,2166.222222222222,446.09518789902614,319.04278812346615,0.20955734017570224,-568.75,,-31.847968545216254,-32.37971391417425,-2.682470368059888,-26.717557251908396,-27.985227739023387,,-32.113841229695254,,,,5,2,6,2022
2022-05-09,1133,,2289.0,2356.0,1603.0,1929.6,2111.842105263158,589.5373609874104,390.2821291718046,0.30552309338070605,-796.5999999999999,,-50.502402795980785,-51.9100169779287,-29.320024953212727,-41.28316749585406,-46.350155763239876,,-51.20620988695474,,,,5,2,0,2022
2022-05-10,1996,,2289.0,2404.0,1865.0,1940.6666666666667,2118.7368421052633,527.9945706791566,386.82092355582944,0.2720686554513002,55.33333333333326,,-12.800349497597205,-16.97171381031614,7.024128686327077,2.851253864651319,-5.792925278219404,,-14.886031653956671,,,,5,2,1,2022
2022-05-12,1323,,2644.0,2403.0,1323.0,1622.0,2118.7368421052633,417.97667399030735,386.82092355582944,0.25769215412472707,-299.0,,-49.96217851739788,-44.9438202247191,0.0,-18.43403205918619,-37.55713434022258,,-47.45299937105849,,,,5,2,3,2022
2022-05-13,3104,,2644.0,2404.0,2068.0,1869.0,2173.2631578947367,711.2085488800033,447.52577108974833,0.3805289186088835,1235.0,,17.39788199697428,29.11813643926789,50.09671179883946,66.0781166399144,42.82669766540735,,23.258009218121085,,,,5,2,4,2022
2022-05-16,3085,,1133.0,2289.0,2137.0,2377.0,2223.157894736842,872.9012926251559,493.7203733061298,0.36722814161765077,708.0,,172.28596646072373,34.77501092179992,44.36125409452504,29.785443836769037,38.76657196969697,,103.53048869126182,,,,5,2,0,2022
2022-05-17,3095,,1996.0,2289.0,2137.0,2651.75,2266.75,885.8673245281534,518.5901814687488,0.334068944858359,443.25,,55.060120240480956,35.21188291830494,44.82919981282171,16.7153766380692,36.53909782728576,,45.136001579392946,,,,5,2,1,2022
2022-05-18,3189,,1996.0,2213.0,2137.0,2759.2,2310.6666666666665,803.9267379556434,544.0506716596661,0.29136225643506936,429.8000000000002,,59.769539078156306,44.10302756439223,49.22788956481048,15.576978834444773,38.01211771494519,,51.93628332127427,,,,5,2,2,2022
2022-05-19,3289,,1323.0,2644.0,2115.0,3152.4,2366.5714285714284,86.86080819335263,581.938190139518,0.027553866321961877,136.5999999999999,,148.60166288737716,24.394856278366113,55.50827423167849,4.3332064458824995,38.977423638778234,,86.49825958287164,,,,5,2,3,2022
2022-05-20,3344,,3104.0,2644.0,2142.0,3200.4,2423.809523809524,115.13817785601128,616.8133930977526,0.035976183557058894,143.5999999999999,,7.731958762886598,26.4750378214826,56.11577964519141,4.486939132608421,37.96463654223968,,17.1034982921846,,,,5,2,4,2022
2022-05-23,3369,,3085.0,1133.0,2307.0,3257.2,2486.15,114.02280473660781,664.000418119717,0.03500638730707596,111.80000000000018,,9.20583468395462,197.3521624007061,46.03381014304291,3.432395922878552,35.51072944110371,,103.27899854233036,,,,5,2,0,2022
2022-05-24,3253,,3095.0,1996.0,2307.0,3288.8,2522.6666666666665,71.97360627342945,668.4717894820502,0.02188445824417096,-35.80000000000018,,5.105008077544426,62.97595190380761,41.00563502384048,-1.0885429335928054,28.950845665961957,,34.04047999067602,,,,5,2,1,2022
2022-05-25,3127,,3189.0,1996.0,2356.0,3276.4,2559.3809523809523,95.09363806271487,679.9347377646247,0.029023818234255545,-149.4000000000001,,-1.9441831295076828,56.66332665330661,32.72495755517827,-4.559882798193141,22.17798202690383,,27.359571761899463,,,,5,2,2,2022
2022-05-26,2933,,3289.0,1323.0,2404.0,3205.2,2584.5714285714284,179.29640264099694,683.6792794453102,0.05593922458536034,-272.1999999999998,,-10.823958650045606,121.6931216931217,22.004991680532445,-8.492449769125168,13.481096617289415,,55.43458152153804,,,,5,2,3,2022
2022-05-27,2681,,3344.0,3104.0,2425.0,3072.6,2596.7619047619046,272.1190915757332,682.9737114092986,0.08856313596814853,-391.5999999999999,,-19.826555023923444,-13.627577319587628,10.556701030927835,-12.744906593764235,3.2439668451551453,,-16.727066171755535,,,,5,2,4,2022
2022-05-30,2571,,3369.0,3085.0,2404.0,2913.0,2614.8,288.35048118566056,697.6847878217615,0.098987463503488,-342.0,,-23.68655387355298,-16.6612641815235,6.946755407653909,-11.740473738414007,-1.6750803120697637,,-20.17390902753824,,,,5,2,0,2022
2022-05-31,2566,,3253.0,3095.0,2289.0,2775.6,2628.65,246.47474515658135,693.6143532631323,0.08880052787021954,-209.5999999999999,,-21.118967107285584,-17.092084006462034,12.101354303189165,-7.5515203919873155,-2.383352671523409,,-19.105525556873808,,,,5,2,1,2022
2022-06-01,2296,,3127.0,3189.0,2289.0,2609.4,2612.809523809524,229.90280555052266,679.9376161860465,0.08810562027689225,-313.4000000000001,,-26.574992005116727,-28.002508623392913,0.3058103975535168,-12.01042385222657,-12.125243762415938,,-27.28875031425482,,,,6,2,2,2022
2022-06-04,2128,,2681.0,3344.0,2644.0,2390.25,2607.0,216.96140209724257,700.3701277106808,0.09076933462911518,-262.25,,-20.626631853785902,-36.36363636363637,-19.51588502269289,-10.971655684551825,-18.37360951285002,,-28.495134108711135,,,,6,2,5,2022
2022-06-05,2718,,2681.0,3344.0,2644.0,2455.8,2612.285714285714,238.30274862032363,683.0659662768419,0.0970367084535889,262.1999999999998,,1.3800820589332339,-18.720095693779903,2.798789712556732,10.676765208893224,4.046811768566118,,-8.670006817423335,,,,6,2,6,2022
2022-06-06,2560,,2571.0,3369.0,2098.0,2453.6,2634.285714285714,237.02067420375198,673.0402025776141,0.0966011877256896,106.40000000000009,,-0.4278490859587709,-24.013060255268627,22.02097235462345,4.33648516465602,-2.819956616052058,,-12.220454670613698,,,,6,2,0,2022
2022-06-07,2043,,2566.0,3253.0,1560.0,2349.0,2657.285714285714,285.4680367396689,642.0312408954225,0.12152747413353295,-306.0,,-20.381917381137956,-37.19643406086689,30.961538461538463,-13.026819923371647,-23.117036718455992,,-28.789175721002422,,,,6,2,1,2022
2022-06-09,1114,,2296.0,2933.0,1996.0,2112.6,2689.4,626.2905076719593,642.5459557597105,0.2964548460058503,-998.5999999999999,,-51.480836236933804,-62.018411183088986,-44.188376753507015,-47.268768342326986,-58.57812151409236,,-56.74962371001139,,,,6,2,3,2022
2022-06-10,1992,,2296.0,2681.0,1996.0,2092.5,2656.190476190476,562.3307745446627,644.501638403475,0.2687363319209858,-100.5,,-13.240418118466899,-25.699365908243195,-0.2004008016032064,-4.802867383512545,-25.005378271781996,,-19.469892013355047,,,,6,2,4,2022
2022-06-12,1340,,2718.0,2681.0,3104.0,1809.8,2634.65,582.0714732745457,651.0232654101272,0.3216219876641318,-469.79999999999995,,-50.6990434142752,-50.01864975755315,-56.829896907216494,-25.95866946623936,-49.139354373446196,,-50.35884658591418,,,,6,2,6,2022
2022-06-13,2260,,2560.0,2571.0,3104.0,1749.8,2616.809523809524,494.2440692613318,639.784074438215,0.2824574632879939,510.20000000000005,,-11.71875,-12.096460521197978,-27.190721649484534,29.15761801348726,-13.635288337306427,,-11.907605260598988,,,,6,2,0,2022
2022-06-14,2284,,2043.0,2566.0,3104.0,1798.0,2601.681818181818,539.6517395506107,628.3842005200361,0.3001400108735321,486.0,,11.796377875673029,-10.989867498051442,-26.417525773195877,27.030033370411566,-12.210632982161883,,0.40325518881079336,,,,6,2,1,2022
2022-06-15,2387,,2043.0,2296.0,3085.0,1896.1666666666667,2569.9545454545455,539.2581632823623,620.3895456176625,0.2843938630301638,490.83333333333326,,16.837983357807147,3.9634146341463414,-22.625607779578605,25.88555858310626,-7.118979819239818,,10.400698995976745,,,,6,2,2,2022
2022-06-16,2462,,1114.0,2296.0,3095.0,2120.8333333333335,2541.181818181818,414.61520313016393,609.4617169401091,0.19549636296903602,341.1666666666665,,121.00538599640933,7.229965156794425,-20.452342487883683,16.08644400785854,-3.1159446213286524,,64.11767557660188,,,,6,2,3,2022
2022-06-17,2578,,1992.0,2296.0,3189.0,2218.5,2513.409090909091,446.02679291719744,592.2126917707636,0.20104881357547777,359.5,,29.417670682730922,12.282229965156795,-19.159611163374098,16.20464277665089,2.569852608734964,,20.849950323943858,,,,6,2,4,2022
2022-06-20,2596,,2260.0,2560.0,3344.0,2461.4,2440.8571428571427,131.07173608372273,546.3466194380903,0.053250888146470596,134.5999999999999,,14.867256637168142,1.40625,-22.36842105263158,5.468432599333709,6.356081001989941,,8.13675331858407,,,,6,2,0,2022
2022-06-21,2484,,2284.0,2043.0,3344.0,2501.4,2442.818181818182,86.25427525636711,533.2590397388537,0.03448239995857004,-17.40000000000009,,8.756567425569177,21.58590308370044,-25.717703349282296,-0.6956104581434432,1.6858323099251913,,15.171235254634809,,,,6,2,1,2022
2022-06-22,2349,,2387.0,2043.0,3369.0,2493.8,2396.4545454545455,99.509798512514,491.6138367684185,0.03990287854379421,-144.80000000000018,,-1.5919564306661083,14.977973568281937,-30.27604630454141,-5.806399871681778,-1.980198019801982,,6.693008568807914,,,,6,2,2,2022
2022-06-23,2354,,2462.0,1114.0,3253.0,2472.2,2355.590909090909,118.11943108566471,452.861974041173,0.047779075756680174,-118.19999999999982,,-4.3866774979691305,111.31059245960502,-27.636028281586228,-4.781166572283789,-0.0675375798390641,,53.461957480817944,,,,6,2,3,2022
2022-06-24,2331,,2578.0,1992.0,3127.0,2422.8,2319.409090909091,114.40148600433916,418.8132506989712,0.04721870810811423,-91.80000000000018,,-9.581070597362297,17.018072289156628,-25.45570834665814,-3.7890044576523105,0.4997354341819001,,3.7185008458971653,,,,6,2,4,2022
2022-06-27,2295,,2596.0,2260.0,2681.0,2362.6,2271.809523809524,71.70285907828853,395.55462569000764,0.030349131921733906,-67.59999999999991,,-11.594761171032356,1.5486725663716814,-14.397612831033197,-2.861254550071951,1.020793158380144,,-5.023044302330337,,,,6,2,0,2022
2022-06-28,2204,,2484.0,2284.0,2681.0,2306.6,2268.7272727272725,61.84900969296772,386.292411056478,0.02681392946023052,-102.59999999999991,,-11.272141706924316,-3.502626970227671,-17.791868705706825,-4.448105436573307,-2.8530213175188246,,-7.387384338575993,,,,6,2,1,2022
2022-06-29,2186,,2349.0,2387.0,2571.0,2274.0,2251.2272727272725,75.38899123877937,380.6257919617292,0.03315259069427413,-88.0,,-6.939123031077054,-8.420611646418099,-14.97471800855698,-3.8698328935795954,-2.8974094938114474,,-7.679867338747576,,,,6,2,2,2022
2022-06-30,2240,,2354.0,2462.0,2566.0,2251.2,2236.409090909091,61.01393283505586,374.0772340791097,0.027102848629644575,-11.199999999999818,,-4.842820730671198,-9.017059301380991,-12.704598597038192,-0.4975124378109372,0.160565842157676,,-6.929940016026094,,,,6,2,3,2022
2022-07-01,2289,,2331.0,2578.0,2296.0,2242.8,2236.090909090909,48.986732897803,374.02710738164023,0.021841774967809435,46.19999999999982,,-1.8018018018018018,-11.210240496508922,-0.3048780487804878,2.0599250936329505,2.3661422124649385,,-6.5060211491553614,,,,7,3,4,2022
2022-07-02,1422,,2331.0,2578.0,2296.0,2106.0,2200.695652173913,337.94259867616626,402.9296616693343,0.16046657107130402,-684.0,,-38.996138996138995,-44.84096198603569,-38.066202090592334,-32.47863247863248,-35.38406827880512,,-41.918550491087345,,,,7,3,5,2022
2022-07-03,2235,,2331.0,2578.0,2296.0,2124.4285714285716,2202.125,312.327209372296,394.1351911629349,0.14701704428794782,110.57142857142844,,-4.1184041184041185,-13.30488750969744,-2.656794425087108,5.204760944119421,1.4928761991258443,,-8.71164581405078,,,,7,3,6,2022
2022-07-04,2061,,2295.0,2596.0,2128.0,2091.0,2199.3333333333335,303.4237960345238,394.91954785166314,0.14510941943305775,-30.0,,-10.196078431372548,-20.608628659476118,-3.148496240601504,-1.4347202295552368,-6.289784783267663,,-15.402353545424333,,,,7,3,0,2022
2022-07-06,2514,,2186.0,2349.0,2560.0,2126.8333333333335,2174.782608695652,374.65366228914286,385.7206898688285,0.1761556283782507,387.1666666666665,,15.004574565416284,7.0242656449553005,-1.7968749999999998,18.203902515476837,15.597760895641752,,11.014420105185792,,,,7,3,2,2022
2022-07-07,2073,,2240.0,2354.0,2043.0,2099.0,2176.086956521739,370.7478927789076,385.30529961712585,0.176630725478279,-26.0,,-7.455357142857142,-11.93712829226848,1.4684287812041115,-1.2386850881372082,-4.737262737262732,,-9.69624271756281,,,,7,3,3,2022
2022-07-09,1133,,1422.0,2331.0,1114.0,2003.2,2176.913043478261,519.6414148237227,382.93779616437047,0.2594056583584878,-870.2,,-20.323488045007032,-51.39425139425139,1.7055655296229804,-43.44049520766774,-47.9538237232619,,-35.85886971962921,,,,7,3,5,2022
2022-07-10,1961,,2235.0,2331.0,1992.0,1948.4,2175.5652173913045,503.2750738910087,383.67206950336595,0.2583017213565021,12.599999999999909,,-12.259507829977629,-15.873015873015872,-1.5562248995983934,0.6466844590433128,-9.862504496582602,,-14.066261851496751,,,,7,3,6,2022
2022-07-11,1337,,2061.0,2295.0,1992.0,1803.6,2140.625,563.3469623597875,412.4363257838553,0.3123458429584096,-466.5999999999999,,-35.12857836001941,-41.74291938997821,-32.88152610441767,-25.870481259702814,-37.54160583941606,,-38.43574887499881,,,,7,3,0,2022
2022-07-12,1373,,2061.0,2204.0,1340.0,1731.8333333333333,2142.0,533.6577242640328,409.69702485362586,0.30814612121876594,-358.83333333333326,,-33.381853469189714,-37.704174228675136,2.4626865671641793,-20.719853719565005,-35.901027077497666,,-35.543013848932425,,,,7,3,1,2022
2022-07-13,2002,,2514.0,2186.0,2260.0,1646.5,2131.25,410.23590774089934,409.85100686235523,0.24915633631393824,355.5,,-20.365950676213206,-8.417200365965233,-11.415929203539823,21.59125417552384,-6.064516129032258,,-14.39157552108922,,,,7,3,2,2022
2022-07-14,2010,,2073.0,2240.0,2284.0,1636.0,2119.8333333333335,397.7526869802386,409.2268071743887,0.2431251142910994,374.0,,-3.039073806078148,-10.267857142857142,-11.996497373029772,22.860635696821515,-5.181224939067543,,-6.653465474467645,,,,7,3,3,2022
2022-07-15,2150,,2073.0,2289.0,2387.0,1709.4285714285713,2109.9583333333335,411.80288858581224,405.34059528796905,0.24090090423706217,440.57142857142867,,3.7144235407621804,-6.072520751419834,-9.928780896522833,25.77302356677253,1.89774679594778,,-1.1790486053288267,,,,7,3,4,2022
2022-07-18,2162,,1337.0,2061.0,2578.0,1939.4,2076.5652173913045,325.4286404113814,393.8728251244818,0.16779861834143622,222.5999999999999,,61.70531039640987,4.90053372149442,-16.13653995345229,11.47777663194802,4.114235464081566,,33.30292205895215,,,,7,3,0,2022
2022-07-19,2145,,1373.0,2061.0,2578.0,2093.8,2079.4166666666665,80.43755341878872,385.4684238651729,0.038417018539874254,51.19999999999982,,56.2272396212673,4.075691411935954,-16.795965865011635,2.4453147387524985,3.1539293872480343,,30.15146551660163,,,,7,3,1,2022
2022-07-20,2113,,2002.0,2514.0,2596.0,2116.0,2059.2916666666665,61.96369905033534,369.60760381396443,0.029283411649496854,-3.0,,5.544455544455545,-15.950676213206046,-18.6055469953775,-0.14177693761814747,2.6080974445096485,,-5.203110334375251,,,,7,3,2,2022
2022-07-21,2118,,2010.0,2073.0,2484.0,2137.6,2044.0416666666667,21.17309613638439,358.7122474202328,0.00990507865661695,-19.59999999999991,,5.3731343283582085,2.170767004341534,-14.734299516908212,-0.9169161676646664,3.6182400065230205,,3.771950666349871,,,,7,3,3,2022
2022-07-22,2146,,2150.0,2073.0,2349.0,2136.8,2035.5833333333333,20.656718035558672,353.56518575746264,0.009667127496985525,9.199999999999818,,-0.18604651162790697,3.5214664737095993,-8.641975308641975,0.43055035567202443,5.4243255414091,,1.6677099810408462,,,,7,3,4,2022
2022-07-25,2114,,2162.0,1337.0,2331.0,2127.2,2012.304347826087,16.81368490250004,349.03873642575905,0.007904139198241839,-13.199999999999818,,-2.2201665124884364,58.1151832460733,-9.30930930930931,-0.6205340353516274,5.0536914201758725,,27.947508366792434,,,,7,3,0,2022
2022-07-26,2061,,2145.0,1373.0,2331.0,2110.4,2014.3333333333333,30.76198953254692,341.51130437291766,0.014576378664019578,-49.40000000000009,,-3.9160839160839163,50.10924981791697,-11.583011583011583,-2.340788476118276,2.3167301009432437,,23.096582950916527,,,,7,3,1,2022
2022-07-27,2007,,2113.0,2002.0,2295.0,2089.2,2002.3333333333333,55.278386372980265,336.2396488358774,0.026459116586722318,-82.19999999999982,,-5.016564126833885,0.24975024975024976,-12.549019607843137,-3.934520390580118,0.23306142833361457,,-2.383406938541818,,,,7,3,2,2022
2022-07-28,1945,,2118.0,2010.0,2204.0,2054.6,1991.5416666666667,80.93392366616384,333.6319215212623,0.039391571919674795,-109.59999999999991,,-8.168083097261567,-3.233830845771144,-11.751361161524501,-5.334371653849894,-2.336966755235688,,-5.700956971516355,,,,7,3,3,2022
2022-07-29,1895,,2146.0,2150.0,2186.0,2004.4,1979.4166666666667,87.63446810473813,331.5388254090641,0.04372104774732495,-109.40000000000009,,-11.696178937558248,-11.86046511627907,-13.311985361390668,-5.457992416683301,-4.264724455858211,,-11.778322026918659,,,,7,3,4,2022
2022-08-02,1503,,2061.0,2145.0,2235.0,1837.5,1943.952380952381,227.65690559846155,330.82419442816746,0.12389491461140764,-334.5,,-27.074235807860266,-29.93006993006993,-32.75167785234899,-18.20408163265306,-22.683291281875416,,-28.502152868965098,,,,8,3,1,2022
2022-08-03,2352,,2007.0,2113.0,2061.0,1923.75,1957.8095238095239,347.2303510159603,341.88179522279376,0.18049660871524903,428.25,,17.189835575485798,11.310932323710364,14.119359534206696,22.26120857699805,20.134260835725055,,14.250383949598081,,,,8,3,2,2022
2022-08-04,2055,,1945.0,2118.0,2061.0,1951.25,1962.2272727272727,353.7686390849256,334.28529757253557,0.18130359466235776,103.75,,5.655526992287918,-2.974504249291785,-0.2911208151382824,5.317104420243433,4.727929764414278,,1.3405113714980663,,,,8,3,3,2022
2022-08-06,2410,,1895.0,2146.0,2073.0,2080.0,1952.0,414.9048083597015,333.7858594967713,0.1994734655575488,330.0,,27.176781002638524,12.301957129543336,16.25663289917993,15.865384615384615,23.46311475409836,,19.73936906609093,,,,8,3,5,2022
2022-08-07,2067,,1895.0,2146.0,2073.0,2077.4,1957.2272727272727,359.3651346472004,326.66306098372047,0.1729879342674499,-10.400000000000091,,9.076517150395778,-3.681267474370923,-0.2894356005788712,-0.5006257822277891,5.608583571378805,,2.6976248380124277,,,,8,3,6,2022
2022-08-08,1566,,1895.0,2114.0,1133.0,1992.1666666666667,1976.909090909091,383.27922806573656,285.0288054099418,0.1923931538855868,-426.16666666666674,,-17.361477572559366,-25.922421948912017,38.2171226831421,-21.392119133271986,-20.785431803550082,,-21.64194976073569,,,,8,3,0,2022
2022-08-09,1178,,1503.0,2061.0,1961.0,1938.0,1941.3181818181818,477.5969011624763,332.1076111262188,0.24643802949560178,-760.0,,-21.62341982701264,-42.84327996118389,-39.92860785313616,-39.21568627450981,-39.31958135287644,,-32.23334989409827,,,,8,3,1,2022
2022-08-11,1356,,2055.0,1945.0,1373.0,1715.4,1969.2857142857142,511.46339067424924,312.5852112396118,0.2981598406635474,-359.4000000000001,,-34.01459854014598,-30.282776349614394,-1.2381646030589948,-20.951381601958733,-31.142546245919476,,-32.14868744488019,,,,8,3,3,2022
2022-08-12,1385,,2055.0,1895.0,2002.0,1660.3333333333333,1939.904761904762,476.9380113459886,337.37085006886525,0.2872543734266143,-275.33333333333326,,-32.60340632603406,-26.912928759894463,-30.81918081918082,-16.58301545874322,-28.60474250085915,,-29.758167542964262,,,,8,3,4,2022
2022-08-15,1404,,1566.0,1895.0,2150.0,1330.75,1899.1,103.72841140850453,361.3732434099536,0.07794733151118131,73.25,,-10.344827586206897,-25.91029023746702,-34.69767441860465,5.504414803682134,-26.070243799694587,,-18.127558911836957,,,,8,3,0,2022
2022-08-16,1387,,1178.0,1503.0,2150.0,1383.0,1874.7142857142858,19.91649232835534,369.52539058326187,0.014400934438434808,4.0,,17.741935483870968,-7.717897538256819,-35.48837209302326,0.28922631959508316,-26.015392821763317,,5.012018972807074,,,,8,3,1,2022
2022-08-17,1394,,1178.0,2352.0,2162.0,1385.2,1838.142857142857,17.93599732379222,377.5875111433459,0.012948308781253406,8.799999999999955,,18.33616298811545,-40.7312925170068,-35.52266419981498,0.6352873231302305,-24.162586461490633,,-11.197564764445675,,,,8,3,2,2022
2022-08-18,1320,,1356.0,2055.0,2145.0,1378.0,1798.857142857143,33.264094756945795,386.8686192642486,0.024139401129859066,-58.0,,-2.6548672566371683,-35.76642335766424,-38.46153846153847,-4.2089985486211905,-26.62007623888183,,-19.210645307150703,,,,8,3,3,2022
2022-08-19,1279,,1385.0,2055.0,2113.0,1356.8,1759.142857142857,54.614100743297335,395.71394791114705,0.040252137929906645,-77.79999999999995,,-7.653429602888087,-37.76155717761557,-39.46994794131567,-5.7340801886792425,-27.294136754913108,,-22.70749339025183,,,,8,3,4,2022
2022-08-22,1270,,1404.0,1566.0,2146.0,1330.0,1697.4,58.40804739074045,398.44241477876545,0.043915825105819886,-60.0,,-9.544159544159545,-18.901660280970624,-40.82013047530289,-4.511278195488721,-25.17968657947449,,-14.222909912565084,,,,8,3,0,2022
2022-08-23,1271,,1387.0,1178.0,2146.0,1306.8,1677.095238095238,52.88383495926654,399.34507693996613,0.040468193265432,-35.799999999999955,,-8.363374188896898,7.894736842105263,-40.77353215284249,-2.739516375880009,-24.214202561117578,,-0.2343186733958178,,,,8,3,1,2022
2022-08-24,1213,,1394.0,1178.0,2114.0,1270.6,1634.1904761904761,38.1745988845839,398.4577291316592,0.03004454500596876,-57.59999999999991,,-12.984218077474893,2.9711375212224107,-42.620624408703875,-4.533291358413341,-25.773646482895273,,-5.006540278126241,,,,8,3,2,2022
2022-08-25,1123,,1320.0,1356.0,2061.0,1231.2,1589.5238095238096,65.97878446893975,400.78817585447615,0.053589006228833454,-108.20000000000005,,-14.924242424242424,-17.182890855457227,-45.51188743328481,-8.788174139051335,-29.349910125823854,,-16.053566639849826,,,,8,3,3,2022
2022-08-26,1082,,1279.0,1385.0,2007.0,1191.8,1545.4761904761904,86.06218681859492,403.43359045171024,0.07221193725339396,-109.79999999999995,,-15.402658326817825,-21.87725631768953,-46.08868958644744,-9.212955193824463,-29.9892158373132,,-18.63995732225368,,,,8,3,4,2022
2022-08-30,1017,,1271.0,1387.0,1895.0,1108.75,1481.6,82.06653804483761,408.53208338867415,0.07401717072815117,-91.75,,-19.98426435877262,-26.676279740447008,-46.33245382585752,-8.275084554678692,-31.35799136069114,,-23.330272049609814,,,,8,3,1,2022
2022-08-31,965,,1213.0,1394.0,1895.0,1046.75,1457.0,69.82060345388481,413.8380117872161,0.0667022722272604,-81.75,,-20.44517724649629,-30.774748923959827,-49.07651715039577,-7.809887747790781,-33.76801647220316,,-25.60996308522806,,,,8,3,2,2022
2022-09-02,1711,,1082.0,1279.0,2352.0,1231.0,1422.65,416.50450177638845,374.37769768819214,0.3383464677306161,480.0,,58.13308687615527,33.77638780297107,-27.253401360544217,38.992688870836716,20.268512986328325,,45.95473733956317,,,,9,3,4,2022
2022-09-03,2558,,1082.0,1279.0,2055.0,1562.75,1447.8,745.5755606688472,431.6136917978439,0.47709202410420554,995.25,,136.4140480591497,100.0,24.476885644768856,63.68581027035675,76.6818621356541,,118.20702402957485,,,,9,3,5,2022
2022-09-05,2831,,1082.0,1270.0,2410.0,1816.4,1468.85,859.4206187891932,487.64031988643353,0.47314502245606316,1014.5999999999999,,161.64510166358593,122.91338582677164,17.46887966804979,55.85774058577405,92.73581373183104,,142.2792437451788,,,,9,3,0,2022
2022-09-06,2342,,1017.0,1271.0,2067.0,2081.4,1482.6,748.4158603343467,508.8115564725274,0.3595732969800839,260.5999999999999,,130.28515240904622,84.26435877261999,13.304305757135944,12.520418948784467,57.9657358694186,,107.27475559083311,,,,9,3,1,2022
2022-09-08,1564,,965.0,1123.0,1178.0,2201.2,1498.5263157894738,545.4582477147088,517.5242740867347,0.24780040328671127,-637.1999999999998,,62.072538860103634,39.26981300089047,32.76740237691001,-28.94784662911139,4.369204832818202,,50.67117593049706,,,,9,3,3,2022
2022-09-09,1213,,1711.0,1082.0,1178.0,2101.6,1484.25,684.9710212848428,507.7511693733417,0.3259283504400661,-888.5999999999999,,-29.105786090005843,12.107208872458411,2.9711375212224107,-42.28207080319756,-18.275223176688563,,-8.499288608773716,,,,9,3,4,2022
2022-09-11,1393,,2558.0,1082.0,1385.0,1868.6,1491.421052631579,689.0408551022211,520.6547497344554,0.3687471128664354,-475.5999999999999,,-45.54339327599688,28.74306839186691,0.5776173285198556,-25.452210210853043,-6.599145992871512,,-8.400162442064984,,,,9,3,6,2022
2022-09-12,1386,,2831.0,1082.0,1385.0,1579.6,1486.15,443.9012277523005,507.3160828268042,0.2810212887770958,-193.5999999999999,,-51.0420346167432,28.09611829944547,0.07220216606498195,-12.256267409470748,-6.73888907579989,,-11.472958158648865,,,,9,3,0,2022
2022-09-13,1408,,2342.0,1017.0,1385.0,1392.8,1482.4285714285713,124.41342371303632,494.76454717658714,0.08932612271182964,15.200000000000045,,-39.880444064901795,38.4464110127827,1.660649819494585,1.091326823664564,-5.020718897561909,,-0.7170165260595489,,,,9,3,1,2022
2022-09-14,1595,,2342.0,965.0,1404.0,1426.5,1491.5238095238096,138.55359973670713,495.00622410708957,0.0971283559317961,168.5,,-31.89581554227156,65.28497409326425,13.603988603988604,11.812127584998247,6.937615733350352,,16.694579275496345,,,,9,3,2,2022
2022-09-15,1612,,1564.0,965.0,1387.0,1434.5,1502.2380952380952,149.06743440470038,495.0657435898658,0.10391595287884306,177.5,,3.0690537084398977,67.04663212435233,16.22206200432588,12.37364935517602,7.306558468317117,,35.05784291639611,,,,9,3,3,2022
2022-09-16,1553,,1213.0,1711.0,1394.0,1491.1666666666667,1509.8095238095239,106.6009693514387,494.5431850756395,0.07148829955388758,61.83333333333326,,28.02967848309975,-9.234365867913501,11.406025824964132,4.146641332290148,2.860657288841226,,9.397656307593124,,,,9,3,4,2022
2022-09-20,1729,,1408.0,2342.0,1279.0,1622.25,1541.8,75.36301037865375,504.17912439298846,0.04645585475645169,106.75,,22.798295454545457,-26.174210076857385,35.18373729476153,6.580366774541532,12.141652613827997,,-1.687957311155964,,,,9,3,1,2022
2022-09-21,1746,,1595.0,2342.0,1270.0,1660.0,1565.6,92.93366810078292,501.9031569410226,0.05598413741011019,86.0,,9.467084639498433,-25.448334756618273,37.480314960629926,5.1807228915662655,11.522738886050083,,-7.99062505855992,,,,9,3,2,2022
2022-09-22,1720,,1612.0,1564.0,1271.0,1687.0,1588.05,89.98147957589121,498.0593364565867,0.05333816216709616,33.0,,6.699751861042183,9.974424552429667,35.32651455546814,1.956135151155898,8.308932338402446,,8.337088206735926,,,,9,3,3,2022
2022-09-23,1816,,1553.0,1213.0,1213.0,1752.75,1618.2,43.522982434571006,492.3796780619786,0.024831255133117104,63.25,,16.934964584674823,49.71145919208574,49.71145919208574,3.608615033518756,12.223458163391419,,33.323211888380285,,,,9,3,4,2022
2022-09-26,1813,,1553.0,1386.0,1082.0,1764.8,1682.7368421052631,46.33249399719379,473.3096052861563,0.026253679735490587,48.200000000000045,,16.741790083708953,30.808080808080806,67.56007393715342,2.7311876699909368,7.741148504941826,,23.77493544589488,,,,9,3,0,2022
2022-09-27,1807,,1729.0,1408.0,1082.0,1780.4,1688.95,44.35425571464388,461.5229337974978,0.0249125228682565,26.59999999999991,,4.511278195488721,28.338068181818183,67.00554528650648,1.4940462817344367,6.989549720240383,,16.42467318865345,,,,9,3,1,2022
2022-09-28,1799,,1746.0,1595.0,1082.0,1791.0,1694.1904761904761,40.218155104380834,450.4774821284178,0.022455697992395777,8.0,,3.0355097365406642,12.789968652037617,66.26617375231054,0.446677833612507,6.186407330372705,,7.9127391942891405,,,,9,3,2,2022
2022-09-29,1757,,1720.0,1612.0,1017.0,1798.4,1729.4285714285713,24.037470748813043,422.9586943696209,0.013366031332747465,-41.40000000000009,,2.1511627906976747,8.995037220843672,72.7630285152409,-2.302046263345201,1.5942507847348482,,5.573100005770673,,,,9,3,3,2022
2022-09-30,1760,,1816.0,1553.0,965.0,1787.2,1767.2857142857142,26.687075523556942,384.9914470292966,0.014932338587487097,-27.200000000000045,,-3.0837004405286343,13.329040566645203,82.38341968911918,-1.5219337511190714,-0.4122544660900456,,5.122670063058284,,,,9,3,4,2022
2022-10-01,2277,,1816.0,1553.0,965.0,1868.8333333333333,1790.4545454545455,201.37965802599516,391.11363922506763,0.10775688470132623,408.16666666666674,,25.38546255506608,46.619446233097236,135.95854922279793,21.840720592169806,27.174409748667173,,36.00245439408166,,,,10,4,5,2022
2022-10-02,1940,,1816.0,1553.0,1711.0,1879.0,1800.8636363636363,185.79110132978224,391.9447598899524,0.09887764839264622,61.0,,6.828193832599119,24.919510624597553,13.383985973115136,3.2464076636508783,7.726091016936325,,15.873852228598336,,,,10,4,6,2022
2022-10-03,2704,,1813.0,1553.0,2558.0,2006.2857142857142,1807.5,358.2288441232851,406.34640980560215,0.17855325468976047,697.7142857142858,,49.14506343077772,74.11461687057309,5.7075840500390935,34.77641697522074,49.59889349930844,,61.629840150675406,,,,10,4,0,2022
2022-10-05,2939,,1799.0,1746.0,2831.0,2229.5,1812.409090909091,501.65595780375264,419.7320754380261,0.22500827889829678,709.5,,63.36853807670928,68.32760595647194,3.81490639350053,31.823278762054276,62.15985754771398,,65.8480720165906,,,,10,4,2,2022
2022-10-06,2320,,1757.0,1720.0,2342.0,2323.3333333333335,1811.409090909091,445.0616436704777,418.43445855222507,0.1915616830719416,-3.333333333333485,,32.043255549231645,34.883720930232556,-0.9393680614859093,-0.1434720229555302,28.077087149632373,,33.4634882397321,,,,10,4,3,2022
2022-10-08,1592,,2277.0,1816.0,1564.0,2299.0,1812.6818181818182,548.3602830256771,417.6880114293114,0.23852121923691913,-707.0,,-30.083443126921388,-12.334801762114537,1.7902813299232736,-30.75250108742932,-12.17432734020412,,-21.209122444517963,,,,10,4,5,2022
2022-10-10,1944,,2704.0,1813.0,1213.0,2198.75,1845.909090909091,576.1118959600361,396.23621010595684,0.26201791743492264,-254.75,,-28.106508875739642,7.225592939878654,60.26380873866447,-11.586128482092098,5.313962078305831,,-10.440457967930495,,,,10,4,0,2022
2022-10-11,1390,,2704.0,1807.0,1393.0,2037.0,1845.7727272727273,616.2337218945426,396.39998219909603,0.3025202365707131,-647.0,,-48.59467455621302,-23.076923076923077,-0.21536252692031585,-31.76239567992145,-24.69278695791366,,-35.83579881656805,,,,10,4,1,2022
2022-10-13,1818,,2320.0,1757.0,1408.0,1686.0,1887.1904761904761,245.24817362554776,378.25277514482264,0.14546155019308882,132.0,,-21.637931034482758,3.4718269778030733,29.119318181818183,7.829181494661921,-3.6663218187782265,,-9.083052028339843,,,,10,4,3,2022
2022-10-14,1838,,2320.0,1760.0,1595.0,1716.4,1898.7619047619048,223.00403583791962,372.54099167231027,0.1299254461884873,121.59999999999991,,-20.775862068965516,4.431818181818182,15.235109717868339,7.084595665346067,-3.2000802527963113,,-8.172021943573668,,,,10,4,4,2022
2022-10-17,1843,,1944.0,2704.0,1553.0,1722.25,1927.6,221.7631995319937,367.09591461403335,0.12876365192741687,120.75,,-5.195473251028806,-31.841715976331358,18.673535093367676,7.0111772390767895,-4.388877360448221,,-18.518594613680083,,,,10,4,0,2022
2022-10-18,1875,,1390.0,2704.0,1553.0,1843.5,1925.095238095238,23.61496700541862,357.98490258136366,0.012809854627295156,31.5,,34.89208633093525,-30.658284023668642,20.734063103670316,1.7087062652563059,-2.602221287753233,,2.116901153633304,,,,10,4,1,2022
2022-10-19,1871,,1390.0,2939.0,1553.0,1849.0,1922.6363636363637,23.864199127568963,349.54780931321693,0.012906543606040542,22.0,,34.60431654676259,-36.338890779176594,20.476497102382485,1.1898323418063819,-2.6857061799612327,,-0.8672871162070024,,,,10,4,2,2022
2022-10-20,1837,,1818.0,2320.0,1729.0,1852.8,1927.5454545454545,18.633303518170575,347.45095265686433,0.010056834800394309,-15.799999999999955,,1.0451045104510452,-20.81896551724138,6.246385193753615,-0.8527633851468024,-4.697448474272506,,-9.886930503395167,,,,10,4,3,2022
2022-10-21,1819,,1838.0,2320.0,1746.0,1849.0,1930.8636363636363,23.664319132404028,345.9800841301659,0.012798441932073568,-30.0,,-1.0337323177366704,-21.594827586206897,4.18098510882016,-1.6224986479177934,-5.7934508816120855,,-11.314279951971784,,,,10,4,4,2022
2022-10-24,1797,,1843.0,1944.0,1816.0,1839.8,1940.0,33.484324690819975,351.58612031762294,0.018199980808142176,-42.799999999999955,,-2.4959305480195333,-7.561728395061729,-1.0462555066079295,-2.3263398195456,-7.371134020618557,,-5.0288294715406305,,,,10,4,0,2022
2022-10-25,1755,,1875.0,1390.0,1816.0,1815.8,1931.590909090909,43.46492839060289,345.3724916791378,0.023937068174139715,-60.799999999999955,,-6.4,26.258992805755394,-3.359030837004405,-3.348386386165875,-9.142252029650544,,9.929496402877696,,,,10,4,1,2022
2022-10-26,1706,,1871.0,1390.0,1813.0,1782.8,1926.7272727272727,52.727601879852365,347.8664469808249,0.02957572463532217,-76.79999999999995,,-8.818813468733298,22.73381294964029,-5.901820187534473,-4.307830379178817,-11.456072473341512,,6.957499740453495,,,,10,4,2,2022
2022-10-27,1612,,1837.0,1818.0,1807.0,1737.8,1917.8636363636363,82.5087874107975,353.5010332650791,0.04747887409989498,-125.79999999999995,,-12.248230811105062,-11.331133113311331,-10.79136690647482,-7.239037863965931,-15.94814305690517,,-11.789681962208196,,,,10,4,3,2022
2022-10-28,1534,,1819.0,1838.0,1799.0,1680.8,1905.8181818181818,107.15269478645943,362.15316890635626,0.06375100832131095,-146.79999999999995,,-15.667949422759758,-16.539717083786726,-14.73040578098944,-8.733936220847212,-19.509635565731728,,-16.103833253273244,,,,10,4,4,2022
2022-10-31,1463,,1797.0,1843.0,2277.0,1614.0,1879.85,119.94790535895184,380.834855077766,0.0743171656499082,-151.0,,-18.58653311074012,-20.618556701030926,-35.748792270531396,-9.355638166047088,-22.17464159374418,,-19.602544905885523,,,,10,4,0,2022
2022-11-01,2151,,1755.0,1875.0,1940.0,1693.2,1890.4,271.41978557209154,385.48307355835715,0.1602998969832811,457.79999999999995,,22.564102564102566,14.719999999999999,10.876288659793815,27.037562012756904,13.785442234447732,,18.642051282051284,,,,11,4,1,2022
2022-11-02,1977,,1706.0,1871.0,2704.0,1747.4,1854.05,300.1521280950715,335.80029701249805,0.1717707039573489,229.5999999999999,,15.885111371629543,5.665419561731695,-26.886094674556215,13.139521574911292,6.631428494377177,,10.775265466680619,,,,11,4,2,2022
2022-11-03,2718,,1612.0,1837.0,2704.0,1968.6,1895.1904761904761,509.76690751754415,377.71293584514666,0.2589489523100397,749.4000000000001,,68.61042183622828,47.95862819814916,0.5177514792899409,38.06766229807986,43.41566371014348,,58.28452501718872,,,,11,4,3,2022
2022-11-04,2031,,1534.0,1819.0,2939.0,2068.0,1851.952380952381,448.6267936715333,295.2106834432749,0.2169375211177627,-37.0,,32.39895697522816,11.654755360087961,-30.89486219802654,-1.7891682785299807,9.668046591756447,,22.02685616765806,,,,11,4,4,2022
2022-11-05,3052,,1534.0,1819.0,2320.0,2232.0,1886.8095238095239,567.792919998128,383.30909447175895,0.2543875089597348,820.0,,98.95697522816167,67.78449697636064,31.551724137931036,36.73835125448029,61.75453650657447,,83.37073610226116,,,,11,4,5,2022
2022-11-07,2081,,1463.0,1797.0,1592.0,2335.0,1910.095238095238,442.65788143892877,379.3367771205272,0.18957510982395237,-254.0,,42.24196855775803,15.80411797440178,30.71608040201005,-10.8779443254818,8.947447147985642,,29.023043266079902,,,,11,4,0,2022
2022-11-08,1556,,2151.0,1755.0,1592.0,2235.8333333333335,1894.0,546.5731119133718,377.8140132015045,0.24446057931272686,-679.8333333333335,,-27.66155276615528,-11.339031339031338,-2.261306532663317,-30.40626164740962,-17.845828933474127,,-19.50029205259331,,,,11,4,1,2022
2022-11-10,1904,,2718.0,1612.0,1390.0,2124.8,1916.095238095238,557.3829025006063,369.52292280207536,0.2623225256497582,-220.80000000000018,,-29.94849153789551,18.11414392059553,36.97841726618705,-10.391566265060248,-0.6312440976191648,,-5.91717380864999,,,,11,4,3,2022
2022-11-11,1355,,2031.0,1534.0,1390.0,1989.6,1890.590909090909,658.6162008332318,379.94118079750046,0.33102945357520697,-634.5999999999999,,-33.28409650418513,-11.66883963494133,-2.5179856115107913,-31.895858464012868,-28.329286177962636,,-22.47646806956323,,,,11,4,4,2022
2022-11-14,1325,,2081.0,1463.0,1838.0,1535.0,1869.6190476190477,266.52204411642646,408.29419248753163,0.17362999616705307,-210.0,,-36.3286881307064,-9.432672590567327,-27.910772578890096,-13.680781758957655,-29.12994753196475,,-22.880680360636863,,,,11,4,0,2022
2022-11-15,1300,,1556.0,2151.0,1838.0,1471.0,1843.7272727272727,289.5410160927086,416.55048077069955,0.19683277776526759,-171.0,,-16.452442159383033,-39.562993956299394,-29.270946681175193,-11.624745071380014,-29.490656279276173,,-28.007718057841213,,,,11,4,1,2022
2022-11-16,1288,,1556.0,1977.0,1843.0,1434.4,1818.5,263.76751126702186,433.074913787879,0.1838869989312757,-146.4000000000001,,-17.223650385604113,-34.85078401618614,-30.113944655453068,-10.206358059118802,-29.17239483090459,,-26.037217200895128,,,,11,4,2,2022
2022-11-17,1228,,1904.0,2718.0,1875.0,1299.2,1789.090909090909,47.36771052096736,450.6662696276307,0.036459136792616496,-71.20000000000005,,-35.50420168067227,-54.81972038263429,-34.50666666666667,-5.480295566502466,-31.361788617886177,,-45.16196103165328,,,,11,4,3,2022
2022-11-18,1189,,1355.0,2031.0,1871.0,1266.0,1758.090909090909,55.88828141925703,467.8909019246835,0.044145561942541094,-77.0,,-12.250922509225093,-41.457410142786806,-36.4510956707643,-6.082148499210111,-32.369822638192254,,-26.85416632600595,,,,11,4,4,2022
2022-11-21,1177,,1325.0,2081.0,1819.0,1236.4,1723.7619047619048,56.0205319503304,494.9920105175314,0.045309391742421865,-59.40000000000009,,-11.169811320754718,-43.44065353195579,-35.294117647058826,-4.8042704626334585,-31.71910826265919,,-27.305232426355253,,,,11,4,0,2022
2022-11-22,1149,,1300.0,1556.0,1819.0,1206.2,1697.6363636363637,53.82099961908835,498.3628956469104,0.04462029482597276,-57.200000000000045,,-11.615384615384615,-26.15681233933162,-36.83342495876855,-4.742165478361801,-32.31766091892471,,-18.886098477358118,,,,11,4,1,2022
2022-11-23,1184,,1288.0,1556.0,1797.0,1185.4,1669.7727272727273,28.39542216621988,509.5537666679921,0.023954295736645755,-1.400000000000091,,-8.074534161490684,-23.90745501285347,-34.11240957150807,-0.11810359372364525,-29.0921464543351,,-15.990994587172079,,,,11,4,2,2022
2022-11-24,1242,,1228.0,1904.0,1755.0,1188.2,1646.4545454545455,33.818633916790006,517.1492118908283,0.02846207197171352,53.799999999999955,,1.1400651465798046,-34.76890756302521,-29.230769230769234,4.527857263087019,-24.56518138148087,,-16.8144212082227,,,,11,4,3,2022
2022-11-25,1324,,1189.0,1355.0,1706.0,1215.2,1629.090909090909,69.58951070382615,521.4498020940207,0.05726589096759887,108.79999999999995,,11.35407905803196,-2.2878228782287824,-22.3915592028136,8.953258722843973,-18.727678571428566,,4.533128089901589,,,,11,4,4,2022
2022-11-28,1347,,1177.0,1325.0,1534.0,1249.2,1621.0,85.88189564744147,537.5394869216559,0.0687495162083265,97.79999999999995,,14.443500424808835,1.6603773584905661,-12.190352020860495,7.829010566762724,-16.90314620604565,,8.051938891649701,,,,11,4,0,2022
2022-11-29,1327,,1149.0,1300.0,1534.0,1284.8,1607.6363636363637,69.24377228313116,528.3163324998995,0.05389459237479076,42.200000000000045,,15.491731940818102,2.076923076923077,-13.494132985658409,3.2845579078455827,-17.456457814973994,,8.78432750887059,,,,11,4,1,2022
2022-11-30,1355,,1184.0,1288.0,1463.0,1319.0,1602.7272727272727,44.994444101446796,530.2226110946368,0.03411254291239332,36.0,,14.442567567567568,5.201863354037267,-7.382091592617908,2.7293404094010616,-15.456608054452639,,9.822215460802418,,,,11,4,2,2022
2022-12-01,2027,,1242.0,1228.0,2151.0,1476.0,1597.090909090909,308.2969347885227,524.747640852328,0.20887326205184467,551.0,,63.20450885668277,65.06514657980456,-5.764760576476058,37.330623306233065,26.91826047358835,,64.13482771824367,,,,12,4,3,2022
2022-12-04,2035,,1324.0,1189.0,2031.0,1618.2,1522.25,376.98169716844217,474.244981661984,0.23296359978274758,416.79999999999995,,53.70090634441088,71.15222876366694,0.19694731659281145,25.757013966135204,33.68369190343242,,62.42656755403891,,,,12,4,6,2022
2022-12-05,3117,,1347.0,1177.0,3052.0,1972.2,1525.5,727.1060445354584,485.3722933562354,0.36867764148436183,1144.8,,131.40311804008908,164.82582837723027,2.1297509829619923,58.04685123212655,104.32645034414946,,148.11447320865966,,,,12,4,0,2022
2022-12-07,2013,,1355.0,1184.0,2081.0,2298.0,1522.1,546.0756968284413,481.4989643099719,0.23763085153544009,-285.0,,48.56088560885608,70.0168918918919,-3.2676597789524267,-12.402088772845952,32.25149464555549,,59.28888875037399,,,,12,4,2,2022
2022-12-08,1477,,2027.0,1242.0,1556.0,2160.5,1518.15,687.8883145782708,481.53026630567854,0.3183931101959133,-683.5,,-27.13369511593488,18.92109500805153,-5.077120822622108,-31.636195325156212,-2.710535849553739,,-4.106300053941675,,,,12,4,3,2022
2022-12-09,1256,,2027.0,1324.0,1556.0,1979.6,1505.6666666666667,720.0811065428671,472.8110968804879,0.3637508115492358,-723.5999999999999,,-38.03650715342871,-5.13595166163142,-19.28020565552699,-36.55283895736512,-16.581802081027234,,-21.586229407530062,,,,12,4,4,2022
2022-12-10,1873,,2027.0,1324.0,1904.0,1961.8333333333333,1504.1904761904761,645.5287496825115,471.5519715840012,0.32904362399924125,-88.83333333333326,,-7.597434632461766,41.46525679758308,-1.628151260504202,-4.528077478548973,24.518804609345324,,16.933911082560655,,,,12,4,5,2022
2022-12-12,1361,,3117.0,1347.0,1355.0,1596.0,1504.4761904761904,330.00151514803554,471.45886554900915,0.20676786663410748,-235.0,,-56.336220725056144,1.0393466963622866,0.44280442804428044,-14.724310776942357,-9.536620877381775,,-27.64843701434693,,,,12,4,0,2022
2022-12-13,1357,,3117.0,1327.0,1355.0,1556.1666666666667,1497.7727272727273,310.8713024173603,461.1698304899286,0.19976735723510355,-199.16666666666674,,-56.464549246069936,2.260738507912585,0.14760147601476015,-12.798543429367037,-9.398804285150678,,-27.101905369078676,,,,12,4,1,2022
2022-12-14,1401,,2013.0,1355.0,1325.0,1454.1666666666667,1501.2272727272727,217.32962675775633,460.09739463955833,0.1494530384580559,-53.16666666666674,,-30.402384500745157,3.394833948339483,5.735849056603773,-3.656160458452727,-6.676355708965394,,-13.503775276202838,,,,12,4,2,2022
2022-12-15,1528,,1477.0,2027.0,1300.0,1462.6666666666667,1511.590909090909,219.38884809093122,457.91158005832534,0.14999237563190373,65.33333333333326,,3.4529451591062967,-24.617661568820917,17.53846153846154,4.466727438468545,1.0855510449556511,,-10.58235820485731,,,,12,4,3,2022
2022-12-16,1560,,1256.0,2027.0,1288.0,1513.3333333333333,1523.9545454545455,195.96802460265246,455.2514195237088,0.12949428938501265,46.66666666666674,,24.203821656050955,-23.038973852984707,21.11801242236025,3.0837004405286397,2.365257851880571,,0.5824239015331241,,,,12,4,4,2022
2022-12-19,1548,,1361.0,3117.0,1189.0,1478.8,1555.142857142857,93.12733218555569,454.5711479751277,0.0629749338555286,69.20000000000005,,13.739897134459955,-50.33686236766122,30.193439865433135,4.679469840411148,-0.45930553003857955,,-18.29848261660063,,,,12,4,0,2022
2022-12-20,1596,,1357.0,3117.0,1189.0,1526.6,1557.0,74.44326698902275,443.70152988134333,0.048764094713102814,69.40000000000009,,17.61238025055269,-48.796920115495666,34.23044575273339,4.546050045853537,2.5048169556840074,,-15.592269932471488,,,,12,4,1,2022
2022-12-21,1723,,1401.0,2013.0,1177.0,1591.0,1581.8181818181818,77.82673062643093,436.648342366912,0.04891686400152793,132.0,,22.983583154889363,-14.406358668653752,46.38912489379779,8.29666876178504,8.925287356321842,,4.2886122431178055,,,,12,4,2,2022
2022-12-22,1650,,1528.0,1477.0,1149.0,1615.4,1604.590909090909,72.04720674668162,425.93344652163444,0.044600227031497845,34.59999999999991,,7.984293193717278,11.712931618144887,43.60313315926893,2.141884363006061,2.829948160108784,,9.848612405931082,,,,12,4,3,2022
2022-12-23,1515,,1560.0,1256.0,1184.0,1606.4,1619.6363636363637,82.7181963052814,416.1018127991223,0.05149290108645505,-91.40000000000009,,-2.8846153846153846,20.621019108280255,27.95608108108108,-5.689741035856579,-6.460484957341721,,8.868201861832436,,,,12,4,4,2022
2023-01-02,668,,1515.0,1548.0,2027.0,668.0,1628.1176470588234,,494.6204204176309,,0.0,,-55.90759075907591,-56.84754521963824,-67.04489393191909,0.0,-58.97102391791314,,-56.377567989357075,,,,1,1,0,2023
2023-01-03,1099,,1515.0,1596.0,2035.0,883.5,1573.0588235294117,304.763022691402,498.5771593480045,0.34494965782841197,215.5,,-27.45874587458746,-31.140350877192986,-45.995085995085994,24.391624221844936,-30.13611547378655,,-29.299548375890225,,,,1,1,1,2023
2023-01-06,937,,1515.0,1515.0,2013.0,901.3333333333334,1409.3125,217.70239625078392,302.8233189501681,0.24153372365101766,35.66666666666663,,-38.15181518151815,-38.15181518151815,-53.45255837059115,3.9571005917159723,-33.51368131624462,,-38.15181518151815,,,,1,1,4,2023
2023-01-08,1150,,1515.0,1515.0,1256.0,963.5,1397.7333333333333,216.92164483979002,317.6560284032828,0.22513922661109498,186.5,,-24.09240924092409,-24.09240924092409,-8.439490445859873,19.356512714063314,-17.723933988362113,,-24.09240924092409,,,,1,1,6,2023
2023-01-09,1065,,668.0,1515.0,1873.0,1062.75,1343.8666666666666,90.81987667906184,299.28292077340683,0.0854574233630316,2.25,,59.4311377245509,-29.7029702970297,-43.13934863854779,0.2117148906139732,-20.75106657406488,,14.8640837137606,,,,1,1,0,2023
2023-01-11,1401,,1099.0,1515.0,1361.0,1138.25,1346.5333333333333,195.82538990982076,299.62449515223676,0.17204075546656777,262.75,,27.479526842584168,-7.524752475247524,2.9390154298310067,23.08368108939161,4.044954946034263,,9.977387183668322,,,,1,1,2,2023
2023-01-12,3192,,1099.0,1515.0,1357.0,1549.0,1468.8666666666666,933.9906316446649,563.02776722526,0.6029636098416171,1643.0,,190.44585987261146,110.69306930693071,135.22476050110538,106.06843124596514,117.3103980393047,,150.5694645897711,,,,1,1,3,2023
2023-01-13,946,,937.0,1515.0,1401.0,1550.8,1438.5333333333333,932.5238334755846,578.9760501667246,0.6013179220244936,-604.8,,0.96051227321238,-37.557755775577554,-32.476802284082794,-38.999226205829245,-34.238576327741214,,-18.298621751182587,,,,1,1,4,2023
2023-01-16,946,,1065.0,668.0,1560.0,1621.25,1388.2857142857142,1068.907658936605,612.5274786390456,0.659310815072694,-675.25,,-11.173708920187792,41.61676646706587,-39.35897435897436,-41.649961449498846,-31.858407079646017,,15.22152877343904,,,,1,1,0,2023
2023-01-17,921,,1065.0,1099.0,1560.0,1481.2,1357.1333333333334,977.2372792725419,602.4514048768498,0.6597605180073871,-560.2,,-13.521126760563378,-16.19654231119199,-40.96153846153846,-37.82068593032676,-32.136365869234176,,-14.858834535877683,,,,1,1,1,2023
2023-01-18,874,,1401.0,1099.0,1548.0,1375.8,1312.2,1015.7121639519731,612.2540555777667,0.7382702165663418,-501.79999999999995,,-37.615988579586016,-20.473157415832574,-43.54005167958656,-36.47332461113534,-33.39429964944369,,-29.044572997709295,,,,1,1,2,2023
2023-01-19,801,,3192.0,1099.0,1596.0,897.6,1259.2,61.4841442975332,620.2890109802458,0.06849837822808957,-96.60000000000002,,-74.90601503759399,-27.115559599636036,-49.81203007518797,-10.7620320855615,-36.3881829733164,,-51.010787318615016,,,,1,1,3,2023
2023-01-20,763,,946.0,937.0,1723.0,861.0,1195.2,77.7785317423766,618.5398936204473,0.09033511236048386,-98.0,,-19.3446088794926,-18.56990394877268,-55.716773070226346,-11.38211382113821,-36.16131191432396,,-18.95725641413264,,,,1,1,4,2023
2023-01-23,740,,946.0,1065.0,1515.0,819.8,1107.357142857143,76.03749075291664,629.1841612685449,0.0927512695205131,-79.79999999999995,,-21.775898520084567,-30.51643192488263,-51.15511551155115,-9.734081483288602,-33.17422434367542,,-26.1461652224836,,,,1,1,0,2023
2023-01-24,721,,921.0,1065.0,1515.0,779.8,1081.6,60.511982284501975,614.4489749825748,0.07759936173955113,-58.799999999999955,,-21.71552660152009,-32.30046948356807,-52.4092409240924,-7.540394973070012,-33.33949704142011,,-27.00799804254408,,,,1,1,1,2023
2023-01-25,703,,874.0,1401.0,1515.0,745.6,1057.9375,38.15494725458128,601.1125761175364,0.05117348075989978,-42.60000000000002,,-19.565217391304348,-49.82155603140614,-53.59735973597359,-5.713519313304724,-33.549949784368174,,-34.693386711355245,,,,1,1,2,2023
2023-01-26,677,,801.0,3192.0,1515.0,720.8,1035.5294117647059,33.108911187169525,589.312217509426,0.04593356158042387,-43.799999999999955,,-15.480649188514356,-78.79072681704261,-55.31353135313532,-6.076581576026631,-34.622812997046125,,-47.13568800277848,,,,1,1,3,2023
2023-01-27,676,,763.0,946.0,1515.0,703.4,1015.5555555555555,27.82624660280072,577.9630786317002,0.039559634067103666,-27.399999999999977,,-11.402359108781127,-28.541226215644823,-55.37953795379538,-3.8953653682115412,-33.435448577680525,,-19.971792662212977,,,,1,1,4,2023
2023-01-30,680,,740.0,946.0,1515.0,691.4,997.8947368421053,19.907285098673757,566.9300265206945,0.02879271781699994,-11.399999999999977,,-8.108108108108109,-28.118393234672308,-55.115511551155116,-1.6488284639861117,-31.85654008438819,,-18.113250671390208,,,,1,1,0,2023
2023-01-31,681,,721.0,921.0,1515.0,683.4,982.05,11.148990985729515,556.3402475577575,0.01631400495424278,-2.3999999999999773,,-5.547850208044383,-26.058631921824105,-55.049504950495056,-0.3511852502194875,-30.655261952039098,,-15.803241064934245,,,,1,1,1,2023
2023-02-02,640,,677.0,801.0,1099.0,669.25,974.421052631579,19.61929322545804,571.759595536196,0.029315342884509585,-29.25,,-5.465288035450517,-20.09987515605493,-41.765241128298456,-4.3705640642510275,-34.319974073673976,,-12.782581595752724,,,,2,1,3,2023
2023-02-03,1145,,676.0,763.0,1099.0,786.5,982.95,239.76168723686132,557.8155208159354,0.3048463919095503,358.5,,69.37869822485207,50.06553079947575,4.185623293903549,45.58169103623649,16.486087796937785,,59.72211451216391,,,,2,1,4,2023
2023-02-05,1552,,676.0,763.0,937.0,939.6,1013.7,400.3901846948797,571.9219766440318,0.4261283362014471,612.4,,129.58579881656803,103.40760157273918,65.63500533617929,65.17667092379736,53.10249580743809,,116.49670019465361,,,,2,1,6,2023
2023-02-06,919,,680.0,740.0,937.0,987.4,1009.1904761904761,375.11904777017105,557.8235042598667,0.37990586162666706,-68.39999999999998,,35.147058823529406,24.18918918918919,-1.92102454642476,-6.927283775572207,-8.936913131694425,,29.6681240063593,,,,2,1,0,2023
2023-02-08,1123,,681.0,703.0,1065.0,1075.8,1005.05,334.77260939330125,571.8395500948033,0.3111848014438569,47.200000000000045,,64.90455212922174,59.74395448079659,5.446009389671361,4.387432608291508,11.735734540570126,,62.324253305009165,,,,2,1,2,2023
2023-02-10,1737,,1145.0,676.0,1401.0,1332.75,1021.85,377.12630510214984,588.7693923501939,0.28296852755741875,404.25,,51.70305676855895,156.9526627218935,23.98286937901499,30.332020258863253,69.98581005039878,,104.32785974522622,,,,2,1,4,2023
2023-02-11,1385,,1145.0,676.0,3192.0,1343.2,931.5,327.4357952332027,311.6512051704689,0.24377292676682752,41.799999999999955,,20.96069868995633,104.88165680473374,-56.61027568922306,3.111971411554493,48.68491680085883,,62.921177747345034,,,,2,1,5,2023
2023-02-13,616,,919.0,680.0,946.0,1215.25,915.0,472.1047729759428,319.48049936370035,0.38848366424681574,-599.25,,-32.97062023939064,-9.411764705882353,-34.883720930232556,-49.31084139066036,-32.677595628415304,,-21.191192472636498,,,,2,1,0,2023
2023-02-14,563,,919.0,681.0,946.0,1084.8,898.2380952380952,502.24316819644235,320.72510110090514,0.4629822715675169,-521.8,,-38.737758433079435,-17.327459618208515,-40.48625792811839,-48.10103244837758,-37.32174097439432,,-28.032609025643975,,,,2,1,1,2023
2023-02-15,541,,1123.0,681.0,946.0,968.4,878.952380952381,555.7668575940813,329.7589234866024,0.5739021660409762,-427.4,,-51.82546749777382,-20.558002936857562,-42.81183932346723,-44.13465510119785,-38.44945281178892,,-36.191735217315696,,,,2,1,2,2023
2023-02-16,530,,1123.0,640.0,921.0,895.3333333333334,860.3333333333334,528.3312092491476,338.1965897718789,0.5900944258181098,-365.33333333333337,,-52.804986642920746,-17.1875,-42.45385450597177,-40.80416976917349,-38.395970554048816,,-34.99624332146037,,,,2,1,3,2023
2023-02-17,538,,1737.0,1145.0,874.0,695.5,844.3333333333334,339.22072460272807,345.38924901236936,0.4877364839722905,-157.5,,-69.02705814622912,-53.01310043668123,-38.443935926773456,-22.645578720345075,-36.28108961705488,,-61.020079291455176,,,,2,1,4,2023
2023-02-20,552,,616.0,919.0,763.0,544.8,835.95,12.872451204016334,359.9294484961348,0.023627847290778884,7.2000000000000455,,-10.38961038961039,-39.93471164309032,-27.653997378768018,1.321585903083709,-33.967342544410556,,-25.162161016350353,,,,2,1,0,2023
2023-02-21,594,,563.0,919.0,763.0,551.0,824.4285714285714,25.298221281342713,354.7666234905029,0.045913287261964995,43.0,,5.506216696269982,-35.364526659412405,-22.14941022280472,7.80399274047187,-27.950095304106743,,-14.929154981571212,,,,2,1,1,2023
2023-02-22,674,,541.0,1123.0,740.0,577.6,821.2857142857143,59.268878848851024,355.84268193361714,0.10261232487681964,96.39999999999998,,24.58410351201479,-39.982190560997324,-8.91891891891892,16.68975069252077,-17.933553661506355,,-7.699043524491268,,,,2,1,2,2023
2023-02-23,816,,530.0,1123.0,721.0,634.8,825.8095238095239,114.30310581956985,355.1071132838049,0.18006160337046292,181.20000000000005,,53.9622641509434,-27.337488869100625,13.176144244105409,28.5444234404537,-1.187867604659214,,13.312387640921386,,,,2,1,3,2023
2023-02-24,883,,538.0,1737.0,703.0,703.8,834.3809523809524,142.02887030459613,354.1657064412685,0.20180288477493058,179.20000000000005,,64.12639405204462,-49.165227403569375,25.604551920341397,25.461778914464343,5.826960392649237,,7.480583324237621,,,,2,1,4,2023
2023-02-27,935,,552.0,616.0,676.0,780.4,855.2,142.96957718339868,359.8442060553066,0.18320038080907058,154.60000000000002,,69.38405797101449,51.78571428571429,38.31360946745562,19.810353664787293,9.331150608044895,,60.58488612836439,,,,2,1,0,2023
2023-02-28,990,,594.0,563.0,676.0,859.6,861.6190476190476,122.05039942581013,351.9641283128763,0.1419851086852142,130.39999999999998,,66.66666666666666,75.8436944937833,46.44970414201183,15.169846440204743,14.899966839836413,,71.25518058022499,,,,2,1,1,2023
2023-03-01,1250,,674.0,541.0,680.0,974.8,888.7619047619048,166.7294215188183,359.1627632093642,0.17103961994134007,275.20000000000005,,85.45994065281899,131.0536044362292,83.82352941176471,28.231432088633575,40.64509215602228,,108.2567725445241,,,,3,1,2,2023
2023-03-02,621,,816.0,530.0,681.0,935.8,885.9047619047619,225.58080592107075,361.1314033370482,0.24105664236062274,-314.79999999999995,,-23.897058823529413,17.169811320754715,-8.81057268722467,-33.63966659542637,-29.90217157600516,,-3.3636237513873493,,,,3,1,3,2023
2023-03-03,1211,,883.0,538.0,681.0,1001.4,900.6818181818181,252.47633552473744,359.17900913897546,0.25212336281679393,209.60000000000002,,37.14609286523216,125.09293680297398,77.82672540381792,20.93069702416617,34.45369669442343,,81.11951483410307,,,,3,1,4,2023
2023-03-04,1412,,883.0,538.0,640.0,1069.8333333333333,935.7727272727273,281.236851544506,370.0451622139084,0.26287912591790563,342.16666666666674,,59.90939977349944,162.45353159851302,120.625,31.98317494936907,50.891339194637396,,111.18146568600623,,,,3,1,5,2023
2023-03-05,1558,,883.0,538.0,1145.0,1139.5714285714287,954.5454545454545,316.15758578218384,391.0449648086014,0.27743551466407,418.42857142857133,,76.44394110985277,189.59107806691452,36.069868995633186,36.718064435251335,63.21904761904763,,133.01750958838363,,,,3,1,6,2023
2023-03-07,1068,,990.0,594.0,1552.0,1186.6666666666667,932.5454545454545,324.754471357465,368.8147976672719,0.27366949833494236,-118.66666666666674,,7.878787878787878,79.7979797979798,-31.185567010309278,-10.000000000000005,14.525248586469102,,43.83838383838384,,,,3,1,1,2023
2023-03-08,1128,,1250.0,674.0,919.0,1166.3333333333333,942.0454545454545,323.813938345258,371.13371704916767,0.2776341283326019,-38.33333333333326,,-9.76,67.35905044510386,22.742110990206747,-3.2866533295227143,19.739445114595906,,28.79952522255193,,,,3,1,2,2023
2023-03-10,1780,,1211.0,883.0,1123.0,1389.2,971.9090909090909,297.1248895666602,410.7106395471455,0.21388201091754983,390.79999999999995,,46.985962014863745,101.58550396375992,58.5040071237756,28.13129858911603,83.14470115050042,,74.28573298931184,,,,3,1,4,2023
2023-03-11,1462,,1412.0,883.0,1123.0,1399.2,993.2173913043479,298.92005620232317,414.07585564633575,0.21363640380383303,62.799999999999955,,3.5410764872521248,65.57191392978481,30.186999109528053,4.4882790165809,47.19838907371738,,34.55649520851847,,,,3,1,5,2023
2023-03-13,1465,,1558.0,935.0,1385.0,1380.6,963.0454545454545,289.3074489189658,394.4821170758397,0.2095519693748847,84.40000000000009,,-5.969191270860077,56.68449197860963,5.776173285198556,6.113284079385782,52.121583990182664,,25.357650353874774,,,,3,1,0,2023
2023-03-14,1587,,1068.0,990.0,1385.0,1484.4,990.1739130434783,237.5948231759272,406.7795530051616,0.16006118510908596,102.59999999999991,,48.59550561797753,60.303030303030305,14.584837545126353,6.911883589329015,60.274874857293405,,54.44926796050392,,,,3,1,1,2023
2023-03-15,1603,,1128.0,1250.0,616.0,1579.4,1033.0869565217392,130.1203289267292,417.43403540324744,0.08238592435527997,23.59999999999991,,42.10992907801418,28.24,160.22727272727272,1.4942383183487342,55.1660283658095,,35.17496453900709,,,,3,1,2,2023
2023-03-16,1560,,1128.0,621.0,563.0,1576.1666666666667,1076.4347826086957,116.65233245274963,418.1650202847192,0.07401015065205645,-16.166666666666742,,38.297872340425535,151.20772946859904,177.08703374777974,-1.0256952521941467,44.922853219161475,,94.75280090451228,,,,3,1,3,2023
2023-03-17,1535,,1780.0,1211.0,541.0,1535.3333333333333,1119.6521739130435,60.301464879941285,411.6263319494352,0.03927581299171165,-0.33333333333325754,,-13.764044943820226,26.75474814203138,183.73382624768945,-0.021710811984363282,37.09614787200994,,6.495351599105578,,,,3,1,4,2023
2023-03-20,1542,,1465.0,1558.0,538.0,1565.4,1192.090909090909,29.074043406450855,384.49248046283554,0.018572916447202537,-23.40000000000009,,5.255972696245734,-1.0269576379974326,186.6171003717472,-1.4948256036795764,29.352550903683376,,2.1145075291241504,,,,3,1,0,2023
2023-03-21,1512,,1587.0,1068.0,538.0,1550.4,1206.0,34.06317659878736,381.5289813845867,0.021970573141632713,-38.40000000000009,,-4.725897920604915,41.57303370786517,181.04089219330854,-2.4767801857585194,25.37313432835821,,18.42356789363013,,,,3,1,1,2023
2023-03-22,1456,,1603.0,1128.0,552.0,1521.0,1245.304347826087,40.19950248448538,356.8593350050324,0.026429653178491372,-65.0,,-9.170305676855897,29.078014184397162,163.76811594202897,-4.273504273504273,16.919209552405555,,9.953854253770633,,,,3,1,2,2023
2023-03-23,1484,,1560.0,1128.0,594.0,1505.8,1284.0,35.90543134401997,330.28968001932725,0.023844754511900632,-21.799999999999955,,-4.871794871794872,31.560283687943265,149.83164983164983,-1.447735423030944,15.57632398753894,,13.344244408074196,,,,3,1,3,2023
2023-03-24,1489,,1535.0,1780.0,674.0,1496.6,1319.4347826086957,32.26143208228867,304.59016072076605,0.021556482749090385,-7.599999999999909,,-2.996742671009772,-16.348314606741575,120.91988130563797,-0.5078177201657029,12.851352687250792,,-9.672528638875674,,,,3,1,4,2023
2023-03-27,1456,,1542.0,1465.0,883.0,1479.4,1368.3636363636363,23.82855429941375,272.8258725083705,0.01610690435271985,-23.40000000000009,,-5.577172503242543,-0.614334470989761,64.89241223103058,-1.5817223198594084,6.404464522986987,,-3.095753487116152,,,,3,1,0,2023
2023-03-28,1402,,1512.0,1587.0,883.0,1457.4,1369.8260869565217,34.565879129570675,266.64543229026424,0.02371749631506153,-55.40000000000009,,-7.2751322751322745,-11.657214870825456,58.77689694224235,-3.8012899684369486,2.348758966546054,,-9.466173572978866,,,,3,1,1,2023
2023-03-29,1407,,1456.0,1603.0,935.0,1447.6,1390.3478260869565,41.34368150032216,249.2550006237899,0.028560155775298537,-40.59999999999991,,-3.3653846153846154,-12.22707423580786,50.48128342245989,-2.804642166344288,1.1976984176621441,,-7.796229425596238,,,,3,1,2,2023
2023-03-30,1403,,1484.0,1560.0,990.0,1431.4,1408.304347826087,39.33573438999286,233.47988715841683,0.02748060248008443,-28.40000000000009,,-5.45822102425876,-10.064102564102564,41.717171717171716,-1.9840715383540652,-0.37664783427495574,,-7.761161794180662,,,,3,1,3,2023
2023-03-31,1389,,1489.0,1535.0,1250.0,1411.4,1414.3478260869565,25.832150510556584,230.98162238892536,0.018302501424512244,-22.40000000000009,,-6.715916722632639,-9.511400651465799,11.12,-1.5870766614708862,-1.792191822932676,,-8.113658687049218,,,,3,1,4,2023
2023-04-01,1176,,1489.0,1535.0,621.0,1372.1666666666667,1438.4782608695652,98.84010656948257,163.45304289978458,0.07203214374066505,-196.16666666666674,,-21.02081934184016,-23.387622149837135,89.3719806763285,-14.296125349204425,-18.246939700770742,,-22.204220745838647,,,,4,2,5,2023
2023-04-04,1473,,1402.0,1512.0,1558.0,1369.6,1446.5238095238096,112.98583982074923,161.3801781655941,0.08249550220557042,103.40000000000009,,5.064194008559201,-2.579365079365079,-5.455712451861361,7.549649532710287,1.8303321591993869,,1.242414464597061,,,,4,2,1,2023
2023-04-05,1545,,1407.0,1456.0,1558.0,1397.2,1451.0,138.40231211941523,158.8842046151461,0.09905690818738565,147.79999999999995,,9.808102345415778,6.112637362637362,-0.8344030808729139,10.578299456054964,6.47829083390765,,7.96036985402657,,,,4,2,2,2023
2023-04-07,1044,,1389.0,1489.0,1128.0,1309.5,1465.2380952380952,238.40092281700572,148.408525618266,0.18205492387705668,-265.5,,-24.838012958963283,-29.885829415715243,-7.446808510638298,-20.274914089347078,-28.748781280467984,,-27.361921187339263,,,,4,2,4,2023
2023-04-08,1136,,1176.0,1489.0,1128.0,1299.5,1450.2727272727273,246.56642107148312,160.94547488961294,0.18973945446054877,-163.5,,-3.4013605442176873,-23.70718603089322,0.7092198581560284,-12.581762216237014,-21.669905346956682,,-13.554273287555453,,,,4,2,5,2023
2023-04-09,1083,,1176.0,1489.0,1780.0,1256.2,1418.590909090909,234.4583118594858,161.54894852817773,0.1866409105711557,-173.20000000000005,,-7.908163265306123,-27.266621893888516,-39.157303370786515,-13.787613437350743,-23.65663750841103,,-17.58739257959732,,,,4,2,6,2023
2023-04-10,1778,,1176.0,1456.0,1462.0,1343.1666666666667,1432.9545454545455,298.9243494041037,178.72710703157446,0.22255194148462862,434.83333333333326,,51.19047619047619,22.115384615384613,21.61422708618331,32.3737436406502,24.079302141157807,,36.6529304029304,,,,4,2,0,2023
2023-04-12,3346,,1545.0,1407.0,1465.0,1677.4,1518.4545454545455,980.0468356155232,445.5441538990164,0.5842654319873155,1668.6,,116.56957928802589,137.81094527363186,128.39590443686006,99.47537856206033,120.355624738071,,127.19026228082888,,,,4,2,2,2023
2023-04-13,1463,,1545.0,1403.0,1587.0,1641.6666666666667,1512.8181818181818,880.939649843658,445.4200410702355,0.5366129846763399,-178.66666666666674,,-5.307443365695793,4.276550249465432,-7.813484562066793,-10.883248730964471,-3.2930713298479617,,-0.5154465581151806,,,,4,2,3,2023
2023-04-14,1435,,1044.0,1389.0,1603.0,1706.8333333333333,1505.1818181818182,841.4628730173821,445.24039909582586,0.49299650796839106,-271.83333333333326,,37.452107279693486,3.311735061195104,-10.480349344978166,-15.926179084073816,-4.662680437277288,,20.381921170444294,,,,4,2,4,2023
2023-04-17,1412,,1778.0,1176.0,1535.0,1914.0,1496.7142857142858,954.8944095204108,456.4155061845636,0.4988999004808834,-502.0,,-20.58492688413948,20.068027210884352,-8.013029315960912,-26.227795193312435,-5.660017180490603,,-0.25844983662756427,,,,4,2,0,2023
2023-04-18,1368,,1778.0,1473.0,1535.0,1804.8,1490.8636363636363,862.2590677980722,446.2604722478861,0.47775879199804533,-436.79999999999995,,-23.059617547806525,-7.128309572301425,-10.879478827361563,-24.202127659574465,-8.241104911735107,,-15.093963560053975,,,,4,2,1,2023
2023-04-19,1372,,3346.0,1545.0,1542.0,1410.0,1483.1363636363637,40.76150144438037,446.8043457450035,0.028908866272610193,-38.0,,-58.995815899581594,-11.197411003236246,-11.024643320363165,-2.6950354609929077,-7.493334150602231,,-35.09661345140892,,,,4,2,2,2023
2023-04-20,1432,,1463.0,1545.0,1512.0,1403.8,1479.5,32.12786952165075,446.8837869598944,0.022886358114867326,28.200000000000045,,-2.1189336978810664,-7.313915857605179,-5.291005291005291,2.0088331671178263,-3.2105441027374115,,-4.716424777743122,,,,4,2,3,2023
2023-04-21,1504,,1435.0,1044.0,1456.0,1417.6,1481.6818181818182,55.324497286466396,446.8807645769898,0.039026874496660834,86.40000000000009,,4.808362369337979,44.06130268199234,3.296703296703297,6.094808126410841,1.506273583458596,,24.434832525665158,,,,4,2,4,2023
2023-04-24,1517,,1412.0,1778.0,1489.0,1438.6,1482.904761904762,70.51099205088697,457.9796834753563,0.049013618831424285,78.40000000000009,,7.436260623229461,-14.679415073115862,1.880456682337139,5.44974280550536,2.2992196782376917,,-3.621577224943201,,,,4,2,0,2023
2023-04-25,1510,,1368.0,1778.0,1489.0,1467.0,1484.1363636363637,63.18227599572741,446.97973699193847,0.043069036125240226,43.0,,10.380116959064328,-15.073115860517436,1.4103425117528543,2.931152010906612,1.742672506201947,,-2.3464994507265544,,,,4,2,1,2023
2023-04-26,1536,,1372.0,3346.0,1456.0,1499.8,1487.7727272727273,39.76430560188752,447.0653443042966,0.02651307214421091,36.200000000000045,,11.9533527696793,-54.09444112372983,5.4945054945054945,2.4136551540205393,3.241575265039261,,-21.070544177025265,,,,4,2,2,2023
2023-04-27,1581,,1432.0,1463.0,1402.0,1529.6,1495.909090909091,31.149638842213367,447.05884443729286,0.020364565142660412,51.40000000000009,,10.405027932960893,8.065618591934381,12.76747503566334,3.360355648535571,5.688240656335455,,9.235323262447636,,,,4,2,3,2023
2023-04-28,1576,,1504.0,1435.0,1407.0,1544.0,1503.590909090909,32.94692701907632,446.91030943056336,0.02133868330251057,32.0,,4.787234042553192,9.825783972125436,12.011371712864252,2.072538860103627,4.815744127694313,,7.306509007339313,,,,4,2,4,2023
2023-05-01,1146,,1517.0,1412.0,1176.0,1469.8,1512.85,183.36357326361275,469.59649812645375,0.12475409801579314,-323.79999999999995,,-24.456163480553723,-18.8385269121813,-2.5510204081632653,-22.030208191590688,-24.248934130944903,,-21.64734519636751,,,,5,2,0,2023
2023-05-04,1525,,1581.0,1432.0,1473.0,1415.6666666666667,1515.45,234.92622955586253,469.5081945364096,0.16594741904110843,109.33333333333326,,-3.542061986084757,6.494413407821228,3.5302104548540396,7.723098657876141,0.6301758553564917,,1.4761757108682356,,,,5,2,3,2023
2023-05-05,1558,,1576.0,1504.0,1545.0,1409.6666666666667,1516.1,228.93740046862985,469.56025340625274,0.16240534438540777,148.33333333333326,,-1.1421319796954315,3.590425531914894,0.8414239482200648,10.522582170725935,2.7636699426159286,,1.2241467761097313,,,,5,2,4,2023
2023-05-06,939,,1576.0,1504.0,1545.0,1292.0,1488.6190476190477,300.5384057542954,474.6806796353151,0.23261486513490356,-353.0,,-40.41878172588832,-37.566489361702125,-39.22330097087379,-27.321981424148607,-36.9214036659096,,-38.992635543795224,,,,5,2,5,2023
2023-05-07,994,,1576.0,1504.0,1044.0,1232.4,1486.2380952380952,292.40947317075774,477.1413736788998,0.23726831643196827,-238.4000000000001,,-36.92893401015229,-33.909574468085104,-4.789272030651341,-19.344368711457324,-33.119733427317286,,-35.4192542391187,,,,5,2,6,2023
2023-05-09,1063,,1146.0,1510.0,1083.0,1215.8,1502.75,300.7768275648908,483.50081641469967,0.24739005392736538,-152.79999999999995,,-7.242582897033159,-29.602649006622517,-1.8467220683287167,-12.567856555354496,-29.26301780069872,,-18.422615951827837,,,,5,2,1,2023
2023-05-10,1827,,1146.0,1536.0,1778.0,1317.6666666666667,1505.2,366.92542384886167,485.0905070190479,0.2784660439025006,509.33333333333326,,59.424083769633505,18.9453125,2.7559055118110236,38.65418669365038,21.379218708477275,,39.184698134816756,,,,5,2,2,2023
2023-05-12,3143,,1558.0,1576.0,3346.0,1593.2,1495.05,938.7055981509859,445.0148992183438,0.5891950779255498,1549.8,,101.73299101412067,99.42893401015228,-6.066945606694561,97.27592267135324,110.227082706264,,100.58096251213647,,,,5,2,4,2023
2023-05-15,1522,,994.0,1146.0,1435.0,1888.75,1501.3157894736842,893.1824654944068,456.92657477634066,0.4728960770321148,-366.75,,53.118712273641854,32.809773123909245,6.062717770034843,-19.41760423560556,1.3777388255915897,,42.96424269877555,,,,5,2,0,2023
2023-05-16,1476,,1063.0,1146.0,1435.0,1992.0,1500.05,782.9819069855108,444.77569450347613,0.3930632063180275,-516.0,,38.852304797742235,28.79581151832461,2.857142857142857,-25.903614457831324,-1.603279890670308,,33.824058158033424,,,,5,2,1,2023
2023-05-17,1425,,1827.0,1146.0,1412.0,1891.5,1500.7,835.2734083320664,444.64972612986656,0.441593131552771,-466.5,,-22.003284072249592,24.345549738219894,0.9206798866855523,-24.662965900079303,-5.0443126540947585,,1.1711328329851511,,,,5,2,2,2023
2023-05-18,1402,,1827.0,1525.0,1368.0,1793.6,1502.4,755.7666968053039,444.18042801498564,0.4213685865328412,-391.5999999999999,,-23.26217843459223,-8.065573770491802,2.4853801169590644,-21.833184656556643,-6.682641107561241,,-15.663876102542016,,,,5,2,3,2023
2023-05-19,1384,,3143.0,1558.0,1372.0,1441.8,1503.0,56.58798459036929,444.00308201869746,0.03924815133192488,-57.799999999999955,,-55.96563792554884,-11.16816431322208,0.8746355685131195,-4.008877791649324,-7.917498336660013,,-33.56690111938546,,,,5,2,4,2023
2023-05-22,1365,,1522.0,994.0,1504.0,1410.4,1499.421052631579,42.85207112847459,457.0068460208646,0.030382920539190717,-45.40000000000009,,-10.315374507227332,37.32394366197183,-9.242021276595745,-3.218944980147482,-8.964863631577101,,13.50428457737225,,,,5,2,0,2023
2023-05-23,1348,,1476.0,1063.0,1504.0,1384.8,1491.85,30.244007670939105,446.104575301868,0.021839982431354064,-36.799999999999955,,-8.672086720867208,26.81091251175917,-10.372340425531915,-2.657423454650488,-9.642390320742697,,9.069412895445982,,,,5,2,1,2023
2023-05-24,1295,,1425.0,1827.0,1517.0,1358.8,1480.75,41.00853569684978,448.20282943750624,0.030179964451611557,-63.799999999999955,,-9.12280701754386,-29.118773946360154,-14.634146341463413,-4.695319399470117,-12.54431875738646,,-19.120790481952007,,,,5,2,2,2023
2023-05-25,1215,,1402.0,1827.0,1510.0,1321.4,1466.0,68.09038111216422,452.02736293514585,0.051528970116667336,-106.40000000000009,,-13.338088445078458,-33.497536945812804,-19.5364238410596,-8.05206599061602,-17.121418826739426,,-23.417812695445633,,,,5,2,3,2023
2023-05-26,1172,,1384.0,3143.0,1536.0,1279.0,1447.8,83.60322960268778,456.36764957536604,0.06536609038521328,-107.0,,-15.31791907514451,-62.71078587336939,-23.697916666666664,-8.36591086786552,-19.04959248514988,,-39.01435247425695,,,,5,2,4,2023
2023-05-30,1123,,1348.0,1476.0,1576.0,1201.25,1416.9473684210527,72.93090337207,472.01629841024425,0.060712510611504684,-78.25,,-16.69139465875371,-23.9159891598916,-28.743654822335024,-6.514047866805411,-20.745115518906477,,-20.30369190932265,,,,5,2,1,2023
2023-05-31,977,,1295.0,1425.0,1146.0,1121.75,1408.0526315789473,103.56117354813101,478.94716406395884,0.09232108183475017,-144.75,,-24.555984555984555,-31.438596491228072,-14.74694589877836,-12.90394472921774,-30.613389152618392,,-27.997290523606313,,,,5,2,2,2023
2023-06-01,1130,,1215.0,1402.0,1146.0,1100.5,1394.15,85.12931340025843,470.30083037629026,0.07735512348955786,29.5,,-6.995884773662551,-19.400855920114125,-1.3961605584642234,2.680599727396638,-18.94702865545315,,-13.198370346888339,,,,6,2,3,2023
2023-06-02,608,,1172.0,1384.0,1146.0,959.5,1356.7142857142858,244.7182052892658,489.4423503189226,0.25504763448594664,-351.5,,-48.122866894197955,-56.06936416184971,-46.94589877835951,-36.633663366336634,-55.185848162577656,,-52.09611552802383,,,,6,2,4,2023
2023-06-03,1258,,1172.0,1384.0,1525.0,1019.2,1344.0,250.4709564001373,488.31885075224835,0.24575250824189296,238.79999999999995,,7.337883959044368,-9.104046242774565,-17.508196721311474,23.43014128728414,-6.398809523809524,,-0.8830811418650986,,,,6,2,5,2023
2023-06-04,1560,,1172.0,1384.0,1558.0,1109.3333333333333,1344.095238095238,314.5356365607343,488.36286762630414,0.2835357300727773,450.66666666666674,,33.105802047781566,12.716763005780345,0.12836970474967907,40.625000000000014,16.06320413802877,,22.911282526780955,,,,6,2,6,2023
2023-06-06,1016,,1123.0,1348.0,994.0,1091.5,1365.45,316.6321209226879,491.06881016389747,0.2900889793153347,-75.5,,-9.528049866429207,-24.629080118694365,2.2132796780684103,-6.917086578103528,-25.592295580211655,,-17.078564992561788,,,,6,2,1,2023
2023-06-07,993,,977.0,1295.0,994.0,1094.1666666666667,1347.7142857142858,315.54043586625517,485.4861628159045,0.2883842521245287,-101.16666666666674,,1.6376663254861823,-23.32046332046332,-0.1006036217303823,-9.246001523229253,-26.319694721221122,,-10.841398497488568,,,,6,2,2,2023
2023-06-09,1081,,608.0,1172.0,1827.0,1181.6,1324.65,235.65716623943274,484.69505063004254,0.1994390371017542,-100.59999999999991,,77.79605263157895,-7.764505119453926,-40.831964969896006,-8.513879485443459,-18.393537915675847,,35.01577375606251,,,,6,2,4,2023
2023-06-10,1929,,1258.0,1172.0,1827.0,1315.8,1353.4285714285713,413.78098071322677,490.48461458322396,0.3144710295738158,613.2,,53.33863275039745,64.59044368600682,5.582922824302135,46.602827177382586,42.52691576947436,,58.96453821820214,,,,6,2,5,2023
2023-06-11,1523,,1560.0,1172.0,3143.0,1308.4,1276.2857142857142,408.62060643095293,275.0200252449095,0.3123055689628194,214.5999999999999,,-2.371794871794872,29.948805460750854,-51.54311167674197,16.401712014674402,19.330646966644284,,13.788505294477991,,,,6,2,6,2023
2023-06-12,2848,,1560.0,1172.0,3143.0,1565.0,1347.7272727272727,727.0749617474115,429.32507184651365,0.46458464009419265,1283.0,,82.56410256410255,143.00341296928326,-9.385937002863507,81.98083067092652,111.31871838111297,,112.7837577666929,,,,6,2,0,2023
2023-06-13,1074,,1016.0,1123.0,3143.0,1574.6666666666667,1335.8260869565217,718.6528137192998,423.31963554031955,0.4563840899995553,-500.66666666666674,,5.708661417322835,-4.363312555654497,-65.82882596245625,-31.79508890770534,-19.600312459315195,,0.672674430834169,,,,6,2,1,2023
2023-06-14,1079,,993.0,977.0,1522.0,1589.0,1316.5652173913043,705.4680715666727,424.5401604396029,0.4439698373610275,-510.0,,8.66062437059416,10.440122824974411,-29.106438896189225,-32.095657646318436,-18.04431821934546,,9.550373597784287,,,,6,2,2,2023
2023-06-15,1094,,993.0,1130.0,1476.0,1518.2857142857142,1299.9565217391305,670.6274957793172,425.4904633330206,0.4417004582663926,-424.2857142857142,,10.171198388721049,-3.185840707964602,-25.880758807588077,-27.945050809183286,-15.843339242115126,,3.4926788403782236,,,,6,2,3,2023
2023-06-16,1076,,1081.0,608.0,1425.0,1517.5714285714287,1284.7826086956522,671.1733152082396,427.0486406745407,0.4422680228238423,-441.57142857142867,,-0.46253469010175763,76.97368421052632,-24.49122807017544,-29.097241833756947,-16.250423011844337,,38.255574760212276,,,,6,2,4,2023
2023-06-19,1065,,2848.0,1560.0,1384.0,1077.6,1264.9545454545455,10.549881515877928,437.9727625008628,0.00979016473262614,-12.599999999999909,,-62.605337078651694,-31.73076923076923,-23.049132947976876,-1.169265033407564,-15.807251428366095,,-47.168053154710464,,,,6,2,0,2023
2023-06-20,1078,,1074.0,1016.0,1384.0,1078.4,1256.8260869565217,10.358571330017682,429.6751047619242,0.009605500120565357,-0.40000000000009095,,0.37243947858473,6.102362204724409,-22.109826589595375,-0.037091988130572226,-14.228387587781507,,3.2374008416545696,,,,6,2,1,2023
2023-06-21,1138,,1079.0,993.0,1365.0,1090.2,1246.9565217391305,28.65658737531537,429.68450140886483,0.026285624083026392,47.799999999999955,,5.4680259499536605,14.602215508559919,-16.630036630036628,4.384516602458261,-8.737796373779643,,10.03512072925679,,,,6,2,2,2023
2023-06-22,1216,,1094.0,993.0,1348.0,1114.6,1241.2173913043478,63.4807057301597,429.1547672218562,0.056953800224438994,101.40000000000009,,11.151736745886655,22.457200402819737,-9.792284866468842,9.097434057060838,-2.03166596609219,,16.804468574353194,,,,6,2,3,2023
2023-06-23,1240,,1076.0,1081.0,1295.0,1147.4,1238.8260869565217,79.01771953175562,428.99466538046573,0.06886675922237721,92.59999999999991,,15.241635687732341,14.708603145235893,-4.247104247104247,8.07042008018127,0.09476011651984619,,14.975119416484116,,,,6,2,4,2023
2023-06-26,1233,,1065.0,2848.0,1172.0,1181.0,1242.6818181818182,70.47694658538532,438.8011141153976,0.05967565333224836,52.0,,15.774647887323944,-56.7064606741573,5.2047781569965865,4.403048264182896,-0.7791067705475744,,-20.465906393416677,,,,6,2,0,2023
2023-06-27,1183,,1078.0,1074.0,1172.0,1202.0,1240.0869565217392,42.00595195920803,428.8929632356307,0.034946715440272905,-19.0,,9.740259740259742,10.148975791433893,0.938566552901024,-1.5806988352745424,-4.603463992707392,,9.944617765846818,,,,6,2,1,2023
2023-06-28,1138,,1138.0,1079.0,1172.0,1202.0,1235.8333333333333,42.00595195920803,419.9828843993556,0.034946715440272905,-64.0,,0.0,5.4680259499536605,-2.901023890784983,-5.324459234608985,-7.9163857046527255,,2.7340129749768303,,,,6,2,2,2023
2023-06-29,1112,,1216.0,1094.0,1123.0,1181.2,1235.375,56.56589078233682,420.1173554987952,0.04788849541342433,-69.20000000000005,,-8.552631578947368,1.6453382084095063,-0.9795191451469278,-5.858449034879786,-9.986846099362543,,-3.453646685268931,,,,6,2,3,2023
2023-06-30,1091,,1240.0,1076.0,977.0,1151.4,1240.125,57.090279382739084,417.7066073006332,0.049583358852474446,-60.40000000000009,,-12.016129032258064,1.3940520446096654,11.66837256908905,-5.245787736668412,-12.024997480092733,,-5.311038493824199,,,,6,2,4,2023
2023-07-02,601,,1240.0,1076.0,608.0,1059.6666666666667,1244.608695652174,230.4288755053626,426.8979800555288,0.21745411340550103,-458.66666666666674,,-51.532258064516135,-44.1449814126394,-1.151315789473684,-43.28405158854986,-51.711730594564386,,-47.83861973857777,,,,7,3,6,2023
2023-07-03,1298,,1233.0,1065.0,1258.0,1070.5,1246.3478260869565,241.4711162851558,427.03646945554414,0.22556853459612872,227.5,,5.271695052716951,21.87793427230047,3.1796502384737675,21.25175151798225,4.144282425172681,,13.574814662508711,,,,7,3,0,2023
2023-07-06,1020,,1112.0,1216.0,1016.0,1002.5,1232.2727272727273,292.4955840122467,431.3522681298611,0.29176616859076976,17.5,,-8.273381294964029,-16.11842105263158,0.39370078740157477,1.7456359102244388,-17.226115824419033,,-12.195901173797804,,,,7,3,3,2023
2023-07-07,1009,,1091.0,1240.0,993.0,982.0,1233.0,287.04819572097165,430.94293070406195,0.29230977160995075,27.0,,-7.516040329972502,-18.629032258064516,1.6112789526686808,2.74949083503055,-18.167072181670722,,-13.072536294018509,,,,7,3,4,2023
2023-07-08,1145,,1091.0,1240.0,993.0,1014.6,1229.1739130434783,259.0584876046314,421.4345255060791,0.2553306599690828,130.39999999999998,,4.949587534372136,-7.661290322580645,15.307150050352467,12.852355608121425,-6.848006791411692,,-1.3558513941042545,,,,7,3,5,2023
2023-07-09,1141,,601.0,1240.0,1081.0,1122.6,1231.7826086956522,117.30004262573422,420.6606229299232,0.10448961573644595,18.40000000000009,,89.85024958402661,-7.983870967741935,5.550416281221091,1.639052200249429,-7.370018707422969,,40.93318930814234,,,,7,3,6,2023
2023-07-11,1559,,1298.0,1183.0,1523.0,1174.8,1201.7272727272727,224.21685931258406,402.9236228957569,0.19085534500560442,384.20000000000005,,20.107858243451464,31.783601014370245,2.3637557452396587,32.70343888321417,29.729934185641877,,25.945729628910854,,,,7,3,1,2023
2023-07-12,2495,,1298.0,1138.0,2848.0,1394.8333333333333,1185.6818181818182,575.0709231622358,335.65662533289327,0.41228647854862166,1100.1666666666667,,92.21879815100154,119.24428822495608,-12.394662921348315,78.87441749312941,110.42744872532107,,105.73154318797882,,,,7,3,2,2023
2023-07-13,1103,,1020.0,1112.0,1074.0,1408.6666666666667,1187.0,565.1639290211878,335.2538483852781,0.4012048715247428,-305.66666666666674,,8.137254901960784,-0.8093525179856115,2.700186219739292,-21.69900615238997,-7.0766638584667225,,3.6639511919875862,,,,7,3,3,2023
2023-07-14,1090,,1009.0,1091.0,1079.0,1422.1666666666667,1187.5,554.5760242443466,335.09327059789814,0.3899514995272565,-332.16666666666674,,8.02775024777007,-0.09165902841429881,1.0194624652455977,-23.356381108637063,-8.210526315789474,,3.968045609677886,,,,7,3,4,2023
2023-07-17,1073,,1141.0,1298.0,1076.0,1464.0,1191.8095238095239,611.36404866495,342.75233318645394,0.4175983938968238,-391.0,,-5.959684487291849,-17.334360554699536,-0.2788104089219331,-26.707650273224044,-9.968834904906508,,-11.647022520995693,,,,7,3,0,2023
2023-07-18,1037,,1559.0,1298.0,1076.0,1359.6,1184.7727272727273,635.1911523313272,336.11646675040396,0.46718972663380937,-322.5999999999999,,-33.48300192431046,-20.107858243451464,-3.62453531598513,-23.727566931450422,-12.472664492614616,,-26.79543008388096,,,,7,3,1,2023
2023-07-19,1004,,2495.0,1298.0,1065.0,1061.4,1182.0,40.53763683293962,337.40070849841777,0.03819261054544904,-57.40000000000009,,-59.75951903807615,-22.650231124807398,-5.727699530516432,-5.407951761824014,-15.059221658206429,,-41.20487508144177,,,,7,3,2,2023
2023-07-20,977,,1103.0,1020.0,1078.0,1036.2,1177.409090909091,46.87963310435892,339.56339741762065,0.045241877151475506,-59.200000000000045,,-11.423390752493201,-4.215686274509804,-9.369202226345083,-5.713182783246482,-17.021194456240597,,-7.819538513501502,,,,7,3,3,2023
2023-07-21,978,,1090.0,1009.0,1138.0,1013.8,1170.1363636363637,41.154586621655,342.1512190683423,0.04059438412078813,-35.799999999999955,,-10.275229357798166,-3.072348860257681,-14.059753954305801,-3.53126849477214,-16.419997669269325,,-6.673789109027924,,,,7,3,4,2023
2023-07-24,967,,1073.0,1141.0,1240.0,992.6,1154.952380952381,28.342547521338027,352.69356050124225,0.02855384598160188,-25.600000000000023,,-9.878844361602983,-15.249780893952671,-22.016129032258064,-2.5790852307072356,-16.273604353921005,,-12.564312627777827,,,,7,3,0,2023
2023-07-25,962,,1037.0,1559.0,1240.0,977.6,1146.1818181818182,16.22652150028788,346.6433100689819,0.016598323956922956,-15.600000000000023,,-7.232401157184184,-38.29377806286081,-22.419354838709676,-1.595744680851066,-16.06916243654823,,-22.763089610022497,,,,7,3,1,2023
2023-07-26,1067,,1004.0,2495.0,1233.0,990.2,1138.6363636363637,43.45917624621185,346.4701657539529,0.04388929130096127,76.79999999999995,,6.274900398406374,-57.23446893787575,-13.463098134630982,7.756008887093511,-6.291417165668671,,-25.479784269734687,,,,7,3,2,2023
2023-07-27,1097,,977.0,1103.0,1183.0,1014.2,1134.7272727272727,63.06108150039375,346.43094300075757,0.06217815174560614,82.79999999999995,,12.282497441146365,-0.543970988213962,-7.269653423499578,8.164070203115752,-3.324787694279765,,5.8692632264662015,,,,7,3,3,2023
2023-07-28,1110,,978.0,1090.0,1138.0,1040.6,1133.4545454545455,71.22008143774693,346.4697784212978,0.06844136213506335,69.40000000000009,,13.496932515337424,1.834862385321101,-2.460456942003515,6.6692292907937825,-2.0692974013474528,,7.665897450329262,,,,7,3,4,2023
2023-07-31,1127,,967.0,1073.0,1091.0,1072.6,1136.1904761904761,65.60716424293392,354.8583687962813,0.06116647794418602,54.40000000000009,,16.546018614270942,5.032618825722274,3.2997250229147568,5.071788178258446,-0.8088851634534748,,10.789318719996608,,,,7,3,0,2023
2023-08-02,603,,1067.0,1004.0,1298.0,984.25,1128.2,254.46332414187395,361.9314561451709,0.2585352543986527,-381.25,,-43.48641049671977,-39.9402390438247,-53.54391371340523,-38.73507747015494,-46.55202978195356,,-41.71332477027224,,,,8,3,2,2023
2023-08-03,1327,,1097.0,977.0,1298.0,1041.75,1137.6666666666667,308.6501525459946,355.4245817797764,0.2962804440086341,285.25,,20.96627164995442,35.823950870010236,2.234206471494607,27.381809455243584,16.642250219748014,,28.39511125998233,,,,8,3,3,2023
2023-08-06,1040,,1110.0,978.0,1009.0,1024.25,1145.1,305.45853510200976,363.0692119025991,0.29822654147133,15.75,,-6.306306306306306,6.339468302658487,3.072348860257681,1.5377105198926042,-9.178237708497067,,0.01658099817609049,,,,8,3,6,2023
2023-08-08,1142,,1127.0,962.0,1141.0,1028.0,1145.157894736842,307.2273859320906,373.0176139954686,0.298859324836664,114.0,,1.3309671694764862,18.711018711018713,0.0876424189307625,11.089494163424124,-0.2757606397646822,,10.0209929402476,,,,8,3,1,2023
2023-08-09,1186,,603.0,1067.0,1141.0,1173.75,1147.2,119.06965748389634,363.1835261740351,0.10144379764336216,12.25,,96.6832504145937,11.152764761012184,3.943908851884312,1.0436634717784876,3.3821478382147796,,53.91800758780294,,,,8,3,2,2023
2023-08-11,1530,,1327.0,1110.0,2495.0,1224.5,1074.7368421052631,212.64916333403647,177.4460300126386,0.17366203620582807,305.5,,15.297663903541824,37.83783783783784,-38.677354709418836,24.948958758677012,42.36043095004898,,26.56775087068983,,,,8,3,4,2023
2023-08-12,2483,,1327.0,1110.0,1103.0,1476.2,1147.3684210526317,592.1817288636988,368.8527575132677,0.4011527766316887,1006.8,,87.11379050489828,123.69369369369369,125.11332728921126,68.20214063135076,116.40825688073393,,105.40374209929598,,,,8,3,5,2023
2023-08-14,1135,,1040.0,1127.0,1090.0,1495.2,1149.7368421052631,575.9901908886985,368.6083199918943,0.3852261843824896,-360.20000000000005,,9.134615384615383,0.709849157054126,4.128440366972478,-24.090422685928306,-1.2817578393224962,,4.922232270834755,,,,8,3,0,2023
2023-08-15,1166,,1142.0,1127.0,1090.0,1500.0,1150.55,572.399772886048,358.79542257831747,0.3815998485906987,-334.0,,2.1015761821366024,3.460514640638864,6.972477064220184,-22.26666666666667,1.3428360349398154,,2.7810454113877334,,,,8,3,1,2023
2023-08-16,1233,,1186.0,603.0,1073.0,1509.4,1158.55,566.3076019267261,358.75904169790005,0.37518722798908577,-276.4000000000001,,3.962900505902192,104.4776119402985,14.911463187325255,-18.31191201802041,6.426136118423896,,54.22025622310035,,,,8,3,2,2023
2023-08-17,1247,,1186.0,1327.0,1037.0,1465.6666666666667,1169.05,517.724894771988,358.0867985044318,0.35323508854126995,-218.66666666666674,,5.143338954468803,-6.028636021100226,20.25072324011572,-14.919263133954974,6.667807193875373,,-0.44264853331571175,,,,8,3,3,2023
2023-08-18,1237,,1530.0,1327.0,1004.0,1416.8333333333333,1180.7,524.2207232327487,356.21978726918155,0.36999462879619954,-179.83333333333326,,-19.150326797385624,-6.782215523737754,23.207171314741036,-12.692624397129745,4.768357753874816,,-12.96627116056169,,,,8,3,4,2023
2023-08-21,1223,,1135.0,1040.0,978.0,1221.2,1204.3157894736842,32.034356556662715,358.97772333105695,0.02623186747188234,1.7999999999999545,,7.753303964757709,17.596153846153847,25.05112474437628,0.14739600393055635,1.5514378113801282,,12.674728905455778,,,,8,3,0,2023
2023-08-22,1194,,1166.0,1142.0,978.0,1226.8,1203.8,20.253394777157638,349.4108726052077,0.016509125185162732,-32.799999999999955,,2.401372212692967,4.553415061295972,22.085889570552148,-2.6736224323443065,-0.814088719056318,,3.47739363699447,,,,8,3,1,2023
2023-08-23,1151,,1233.0,1186.0,967.0,1210.4,1213.0,38.74016004096279,345.24529799762604,0.032006080668343345,-59.40000000000009,,-6.65044606650446,-2.951096121416526,19.027921406411583,-4.9074686054197025,-5.111294311624072,,-4.800771093960493,,,,8,3,2,2023
2023-08-24,1110,,1247.0,1186.0,962.0,1183.0,1220.4,52.41660042390614,341.14395788287965,0.044308199851146354,-73.0,,-10.986367281475541,-6.408094435075886,15.384615384615385,-6.170752324598478,-9.046214355948875,,-8.697230858275713,,,,8,3,3,2023
2023-08-25,1080,,1237.0,1530.0,1067.0,1151.6,1221.05,58.63701902381692,340.8485502543942,0.05091786994079275,-71.59999999999991,,-12.69199676637025,-29.411764705882355,1.218369259606373,-6.217436609933998,-11.551533516236024,,-21.051880736126304,,,,8,3,4,2023
2023-08-29,1107,,1194.0,1166.0,1110.0,1112.0,1227.421052631579,29.291637031742283,348.9581821156983,0.026341400208401335,-5.0,,-7.2864321608040195,-5.060034305317324,-0.2702702702702703,-0.44964028776978415,-9.81090004716779,,-6.173233233060672,,,,8,3,1,2023
2023-08-30,1094,,1151.0,1233.0,1127.0,1097.75,1225.6842105263158,13.72042273398871,349.5673600055965,0.012498677052141846,-3.75,,-4.952215464813206,-11.27331711273317,-2.9281277728482697,-0.3416078342063311,-10.74373067674339,,-8.112766288773189,,,,8,3,2,2023
2023-08-31,1086,,1110.0,1247.0,1127.0,1091.75,1218.7,11.672617529901384,341.6745296484979,0.010691657916099275,-5.75,,-2.1621621621621623,-12.910986367281478,-3.6379769299023956,-0.5266773528738264,-10.88865184212686,,-7.5365742647218195,,,,8,3,3,2023
2023-09-01,1139,,1080.0,1237.0,603.0,1106.5,1245.5,23.330952259448768,310.43170280314365,0.021085361282827626,32.5,,5.462962962962963,-7.922392886014551,88.88888888888889,2.937189335743335,-8.550782818145324,,-1.229714961525794,,,,9,3,4,2023
2023-09-02,592,,1080.0,1237.0,1327.0,1003.6,1208.75,230.9768386656974,342.16014640730674,0.23014830476853068,-411.6,,-45.18518518518518,-52.14227970897333,-55.388093443858324,-41.01235552012754,-51.02378490175802,,-48.663732447079255,,,,9,3,5,2023
2023-09-03,1379,,1080.0,1237.0,1327.0,1066.1666666666667,1216.857142857143,257.23095977480295,335.5594262890326,0.24126711875079218,312.83333333333326,,27.685185185185183,11.479385610347617,3.9186134137151467,29.341879005783948,13.324724113641699,,19.582285397766398,,,,9,3,6,2023
2023-09-05,1598,,1107.0,1194.0,1040.0,1148.0,1243.4285714285713,338.1827908099399,342.8678420949586,0.29458431255221246,450.0,,44.35411020776874,33.835845896147404,53.65384615384615,39.198606271777,28.51562500000001,,39.09497805195807,,,,9,3,1,2023
2023-09-06,1055,,1094.0,1151.0,1040.0,1141.5,1234.8636363636363,339.7992054140203,337.00774266285794,0.2976777971213494,-86.5,,-3.5648994515539303,-8.340573414422241,1.4423076923076923,-7.577748576434516,-14.565465454411594,,-5.952736432988086,,,,9,3,2,2023
2023-09-08,1144,,1139.0,1080.0,1186.0,1153.6,1237.2857142857142,378.650630528987,345.12173835577295,0.32823390302443395,-9.599999999999909,,0.4389815627743635,5.9259259259259265,-3.541315345699832,-0.8321775312066496,-7.539545087172376,,3.182453744350145,,,,9,3,4,2023
2023-09-10,1991,,1379.0,1080.0,1530.0,1447.0,1259.2380952380952,433.67038174170796,377.7872291067909,0.29970309726448374,544.0,,44.379985496736765,84.35185185185186,30.130718954248366,37.59502418797512,58.11148086522463,,64.3659186742943,,,,9,3,6,2023
2023-09-11,1598,,1379.0,1080.0,2483.0,1477.2,1217.095238095238,381.59232172568534,267.7997208291798,0.2583213659123242,120.79999999999995,,15.881073241479331,47.96296296296296,-35.642368103101084,8.177633360411587,31.296216596893466,,31.922018102221145,,,,9,3,0,2023
2023-09-13,1290,,1055.0,1094.0,1135.0,1505.75,1224.4761904761904,374.7838265809575,267.5598286454043,0.24890176097025238,-215.75,,22.274881516587676,17.915904936014627,13.656387665198238,-14.32840777021418,5.351170568561883,,20.09539322630115,,,,9,3,2,2023
2023-09-14,1340,,1055.0,1086.0,1166.0,1472.6,1232.7619047619048,332.92912158596005,268.3514309188359,0.226082521788646,-132.5999999999999,,27.014218009478675,23.388581952117864,14.922813036020582,-9.00448186880347,8.699011124845484,,25.20139998079827,,,,9,3,3,2023
2023-09-15,1381,,1144.0,1139.0,1233.0,1520.0,1239.8095238095239,288.3340077063385,270.2943985819133,0.18969342612259113,-139.0,,20.716783216783217,21.24670763827919,12.003244120032441,-9.144736842105264,11.388078045782759,,20.9817454275312,,,,9,3,4,2023
2023-09-18,1439,,1598.0,1379.0,1237.0,1362.5,1249.55,63.13213656027649,280.8727891487652,0.04633551307176256,76.5,,-9.949937421777221,4.350978970268311,16.329830234438155,5.614678899082569,15.161458124924977,,-2.7994792257544554,,,,9,3,0,2023
2023-09-19,1526,,1598.0,1598.0,1237.0,1395.2,1262.7142857142858,91.30005476449082,280.32893943671024,0.0654386860410628,130.79999999999995,,-4.505632040050062,-4.505632040050062,23.362974939369444,9.374999999999996,20.850774974544624,,-4.505632040050062,,,,9,3,1,2023
2023-09-20,1584,,1290.0,1055.0,1223.0,1454.0,1279.904761904762,100.78938436164282,288.71506797565496,0.06931869625972684,130.0,,22.790697674418606,50.142180094786724,29.517579721995098,8.940852819807429,23.759208274425177,,36.46643888460267,,,,9,3,2,2023
2023-09-21,1569,,1340.0,1055.0,1194.0,1499.8,1297.7619047619048,87.14183840153319,294.6716655469053,0.05810230590847659,69.20000000000005,,17.089552238805968,48.72037914691943,31.4070351758794,4.613948526470199,20.900451326459468,,32.904965692862696,,,,9,3,3,2023
2023-09-22,1593,,1381.0,1144.0,1151.0,1542.2,1318.8095238095239,63.16407206631698,299.4120269874922,0.04095712103898131,50.799999999999955,,15.351194786386676,39.24825174825175,38.40139009556907,3.293995590714561,20.790756454233613,,27.299723267319212,,,,9,3,4,2023
2023-09-25,1614,,1439.0,1598.0,1080.0,1577.2,1355.95,32.934784043604374,303.65050460581386,0.020881805759323087,36.799999999999955,,12.161223071577485,1.0012515644555695,49.44444444444444,2.3332487953334993,19.030937718942432,,6.581237318016528,,,,9,3,0,2023
2023-09-26,1694,,1526.0,1598.0,1080.0,1610.8,1372.047619047619,49.28184249801165,305.01679891285477,0.03059463775640157,83.20000000000005,,11.009174311926607,6.007509386733417,56.851851851851855,5.165135336478771,23.465102557873184,,8.508341849330012,,,,9,3,1,2023
2023-09-27,1752,,1584.0,1290.0,1080.0,1644.4,1389.3181818181818,76.30399727405371,308.4914734275271,0.046402333540533754,107.59999999999991,,10.606060606060606,35.81395348837209,62.22222222222222,6.543420092434925,26.105022084083107,,23.21000704721635,,,,9,3,2,2023
2023-09-28,1716,,1569.0,1340.0,1107.0,1673.8,1417.0,67.83951650770199,309.2745736473653,0.04053024047538654,42.200000000000045,,9.369024856596559,28.059701492537314,55.013550135501355,2.5212092245190614,21.100917431192663,,18.714363174566937,,,,9,3,3,2023
2023-09-29,1701,,1593.0,1381.0,1094.0,1695.4,1444.590909090909,50.712917486561054,306.1469704773598,0.029912066466061725,5.599999999999909,,6.779661016949152,23.171614771904416,55.484460694698356,0.33030553261766593,17.749598816903188,,14.975637894426784,,,,9,3,4,2023
2023-10-01,1096,,1593.0,1381.0,1139.0,1595.5,1459.6190476190477,248.87245729489445,305.20853136674515,0.15598399078338732,-499.5,,-31.198995605775266,-20.637219406227373,-3.775241439859526,-31.306800376057666,-24.911914393840537,,-25.91810750600132,,,,10,4,6,2023
2023-10-02,602,,1614.0,1439.0,592.0,1426.8333333333333,1460.095238095238,474.4885316492547,303.79168928097477,0.33254657048189795,-824.8333333333333,,-62.70136307311029,-58.16539263377345,1.6891891891891893,-57.80866721177432,-58.76981279759963,,-60.43337785344187,,,,10,4,0,2023
2023-10-03,1424,,1694.0,1526.0,1379.0,1381.8333333333333,1462.2380952380952,456.54722282220246,303.3494527375784,0.33039239379245144,42.16666666666674,,-15.938606847697756,-6.684141546526867,3.2632342277012323,3.0515016282716254,-2.6150389162080274,,-11.311374197112311,,,,10,4,1,2023
2023-10-05,1640,,1716.0,1569.0,1598.0,1292.6,1464.2380952380952,452.85847678938165,304.42583739917404,0.3503469571324321,347.4000000000001,,-4.428904428904429,4.525175270873167,2.6282853566958697,26.876063747485695,12.003642394874635,,0.048135420984369404,,,,10,4,3,2023
2023-10-07,1024,,1701.0,1593.0,1055.0,1157.2,1462.7619047619048,398.1246036104764,306.5770547124953,0.3440413097221538,-133.20000000000005,,-39.80011757789536,-35.718769617074706,-2.938388625592417,-11.510542689249917,-29.995442411615343,,-37.75944359748503,,,,10,4,5,2023
2023-10-08,1137,,1096.0,1593.0,1144.0,1165.4,1462.4285714285713,396.96952024053303,306.9445505997052,0.34062941499959926,-28.40000000000009,,3.7408759124087596,-28.625235404896422,-0.6118881118881119,-2.4369315256564343,-22.252613070235416,,-12.44217974624383,,,,10,4,6,2023
2023-10-10,1983,,1424.0,1694.0,1991.0,1446.0,1462.047619047619,447.05331523954163,306.2599347270966,0.30916550154878397,537.0,,39.25561797752809,17.060212514757968,-0.4018081366147665,37.136929460580916,35.63169722828388,,28.157915246143027,,,,10,4,1,2023
2023-10-11,1643,,1424.0,1752.0,1598.0,1485.4,1464.1904761904761,397.057048797775,307.4139910686561,0.26730648229283355,157.5999999999999,,15.379213483146067,-6.2214611872146115,2.816020025031289,10.609936717382515,12.212176401717189,,4.578876147965728,,,,10,4,2,2023
2023-10-13,1945,,1640.0,1701.0,1290.0,1546.4,1495.3809523809523,447.0299766234907,321.75090927462145,0.2890778431346939,398.5999999999999,,18.597560975609756,14.344503233392123,50.775193798449614,25.7759958613554,30.06719103270389,,16.47103210450094,,,,10,4,4,2023
2023-10-16,1972,,1137.0,602.0,1381.0,1885.75,1532.7,162.61893083729353,342.7871980659326,0.08623567855616786,86.25,,73.43887423043097,227.57475083056477,42.795076031860965,4.573777011799019,28.661838585502704,,150.50681253049788,,,,10,4,0,2023
2023-10-17,2058,,1983.0,1424.0,1381.0,1904.5,1557.7142857142858,180.8691976724186,353.22501933712556,0.09496938706874172,153.5,,3.7821482602118004,44.52247191011236,49.022447501810284,8.059858230506695,32.116654438738074,,24.15231008516208,,,,10,4,1,2023
2023-10-18,2105,,1643.0,1424.0,1439.0,2020.0,1589.4285714285713,74.38189743925805,371.46097660838586,0.0368227215045832,85.0,,28.119293974437003,47.82303370786517,46.2821403752606,4.207920792079208,32.43753370483553,,37.97116384115109,,,,10,4,2,2023
2023-10-19,2071,,1643.0,1640.0,1526.0,2030.2,1615.3809523809523,68.33520322643534,385.5780694218052,0.03365934549622468,40.799999999999955,,26.04990870359099,26.28048780487805,35.714285714285715,2.009654221258987,28.205052619166942,,26.165198254234518,,,,10,4,3,2023
2023-10-20,2046,,1945.0,1640.0,1584.0,2050.4,1637.3809523809523,49.06424359957262,396.7173397005059,0.02392910827134833,-4.400000000000091,,5.19280205655527,24.75609756097561,29.166666666666668,-0.214592274678116,24.955649265668175,,14.97444980876544,,,,10,4,4,2023
2023-10-23,2017,,1972.0,1137.0,1593.0,2059.4,1662.0,32.37746129637389,415.0482533773369,0.015721793384662466,-42.40000000000009,,2.281947261663286,77.39665787159191,26.616446955430007,-2.0588520928425798,21.359807460890494,,39.8393025666276,,,,10,4,0,2023
2023-10-24,1949,,2058.0,1983.0,1593.0,2037.6,1675.6666666666667,59.16755867870696,409.3581968561672,0.029037867431638675,-88.59999999999991,,-5.296404275996112,-1.714573877962683,22.347771500313872,-4.348252846486058,16.311915655460506,,-3.5054890769793974,,,,10,4,1,2023
2023-10-25,1832,,2105.0,1643.0,1614.0,1983.0,1686.047619047619,95.95050807576962,410.47880288639374,0.04838653962469471,-151.0,,-12.969121140142517,11.503347534996957,13.506815365551425,-7.614725163893091,8.656480356991555,,-0.7328868025727804,,,,10,4,2,2023
2023-10-26,1662,,2071.0,1643.0,1694.0,1901.2,1684.5238095238096,157.05635931091257,410.5072007952615,0.08260906759463106,-239.20000000000005,,-19.74891356832448,1.1564211807668898,-1.8890200708382525,-12.581527456343364,-1.3371024734982395,,-9.296246193778794,,,,10,4,3,2023
2023-10-27,1563,,2046.0,1945.0,1752.0,1804.6,1675.5238095238096,190.6706584663688,411.02537866263333,0.10565812837546758,-241.5999999999999,,-23.607038123167158,-19.640102827763496,-10.787671232876713,-13.388008422919201,-6.715739214460303,,-21.62357047546533,,,,10,4,4,2023
2023-10-30,1502,,2017.0,1972.0,1701.0,1701.6,1663.55,186.29895329818376,423.25760166643215,0.10948457528102008,-199.5999999999999,,-25.53296975706495,-23.83367139959432,-11.699000587889477,-11.730136342266098,-9.711159868954944,,-24.683320578329635,,,,10,4,0,2023
2023-10-31,1459,,1949.0,2058.0,1096.0,1603.6,1681.7,148.70877580021644,405.02970651286057,0.09273433262672515,-144.5999999999999,,-25.141097998973834,-29.10592808551992,33.12043795620438,-9.017211274632073,-13.242552179342335,,-27.123513042246877,,,,10,4,1,2023
2023-11-01,1043,,1832.0,2105.0,602.0,1445.8,1703.75,237.7282061514774,351.64229357626806,0.16442675760926642,-402.79999999999995,,-43.06768558951965,-50.451306413301666,73.25581395348837,-27.860008299903168,-38.782098312545855,,-46.75949600141065,,,,11,4,2,2023
2023-11-04,1507,,1563.0,2046.0,1640.0,1377.75,1711.4736842105262,224.2043338861508,357.82108633304546,0.16273223290593417,129.25,,-3.5828534868841975,-26.344086021505376,-8.109756097560975,9.3812375249501,-11.94722922688972,,-14.963469754194787,,,,11,4,5,2023
2023-11-05,1608,,1563.0,2046.0,1640.0,1423.8,1706.3,219.7810273886246,349.0451787979668,0.15436228921802544,184.20000000000005,,2.8790786948176583,-21.407624633431084,-1.951219512195122,12.93721028234303,-5.761003340561446,,-9.264272969306713,,,,11,4,6,2023
2023-11-07,1032,,1459.0,1949.0,1137.0,1297.5,1736.6842105263158,303.0736984079386,330.17858006969743,0.2335828118750972,-265.5,,-29.266620973269365,-47.04976911236531,-9.234828496042216,-20.46242774566474,-40.57641603782162,,-38.15819504281734,,,,11,4,1,2023
2023-11-08,1129,,1043.0,1832.0,1137.0,1319.0,1706.3,281.26736983399394,348.91849447897295,0.21324288842607578,-190.0,,8.245445829338447,-38.37336244541485,-0.7036059806508356,-14.404852160727824,-33.833440778292214,,-15.0639583080382,,,,11,4,2,2023
2023-11-09,1209,,1043.0,1662.0,1983.0,1297.0,1667.6,248.50251507781482,359.3802267354455,0.1915979298980839,-88.0,,15.915627996164908,-27.256317689530686,-39.03177004538578,-6.784888203546647,-27.50059966418805,,-5.670344846682889,,,,11,4,3,2023
2023-11-10,1948,,1043.0,1563.0,1643.0,1405.5,1682.85,346.4625520889661,364.7130487036844,0.2465048396221744,542.5,,86.76893576222436,24.632117722328857,18.56360316494218,38.598363571682675,15.756009151142415,,55.70052674227661,,,,11,4,4,2023
2023-11-12,2509,,1608.0,1563.0,1945.0,1565.4,1711.05,640.0674183240382,405.5660728829319,0.4088842585435276,943.5999999999999,,56.03233830845771,60.524632117722334,28.997429305912597,60.278523061198406,46.63510709798078,,58.27848521309002,,,,11,4,6,2023
2023-11-13,1655,,1608.0,1502.0,1945.0,1580.3333333333333,1708.3809523809523,573.6611078560809,395.4860902978094,0.3630000682489438,74.66666666666674,,2.9228855721393034,10.186418109187748,-14.910025706940875,4.724741615692897,-3.124651577656367,,6.554651840663526,,,,11,4,0,2023
2023-11-14,1662,,1032.0,1459.0,1945.0,1685.3333333333333,1706.2727272727273,507.007955230158,386.081558348711,0.30083541647359063,-23.333333333333258,,61.04651162790697,13.913639479095272,-14.55012853470437,-1.3844936708860716,-2.5947040332463094,,37.48007555350112,,,,11,4,1,2023
2023-11-15,1688,,1129.0,1043.0,1972.0,1778.5,1693.3636363636363,429.8151928445517,381.4942482814922,0.24167286637309626,-90.5,,49.512843224092116,61.84084372003835,-14.401622718052739,-5.088557773404554,-0.31674451065656767,,55.67684347206523,,,,11,4,2,2023
2023-11-16,1758,,1209.0,1043.0,2058.0,1870.0,1679.7272727272727,331.5303907638018,373.1093522609532,0.17728897901807583,-112.0,,45.40942928039702,68.55225311601151,-14.577259475218659,-5.989304812834225,4.659847377821073,,56.98084119820427,,,,11,4,3,2023
2023-11-17,1820,,1948.0,1043.0,2105.0,1848.6666666666667,1666.7727272727273,329.6201854660388,362.43553539356003,0.1783015788673127,-28.666666666666742,,-6.570841889117044,74.49664429530202,-13.539192399049881,-1.550667147493693,9.193051351277647,,33.962901203092486,,,,11,4,4,2023
2023-11-20,1817,,1655.0,1608.0,2046.0,1749.0,1636.6190476190477,72.51896303725665,350.34347092395853,0.04146310065023251,68.0,,9.788519637462235,12.997512437810945,-11.192570869990224,3.8879359634076613,11.0215601268585,,11.39301603763659,,,,11,4,0,2023
2023-11-21,1796,,1662.0,1032.0,2046.0,1775.8,1643.8636363636363,54.965443689639855,343.5846461803963,0.030952496728032356,20.200000000000045,,8.062575210589651,74.03100775193798,-12.218963831867057,1.1375154859781533,9.254804368864932,,41.04679148126382,,,,11,4,1,2023
2023-11-22,1755,,1688.0,1129.0,2017.0,1789.2,1631.9545454545455,31.268194703227678,334.4547057771039,0.01747607573397478,-34.200000000000045,,3.9691943127962084,55.447298494242695,-12.989588497768963,-1.911468812877266,7.539759908642729,,29.708246403519453,,,,11,4,2,2023
2023-11-23,1855,,1758.0,1209.0,1949.0,1808.6,1627.6818181818182,36.69196097238384,330.7918906076354,0.020287493626221297,46.40000000000009,,5.517633674630262,53.43258891645989,-4.822986146741919,2.565520291938521,13.965762797062187,,29.475111295545076,,,,11,4,3,2023
2023-11-24,2102,,1820.0,1948.0,1832.0,1865.0,1639.9545454545455,137.32625386283163,343.4979000799079,0.07363338008730919,237.0,,15.494505494505495,7.905544147843943,14.737991266375547,12.707774798927614,28.17428420965104,,11.700024821174718,,,,11,4,4,2023
2023-11-27,2259,,1817.0,1655.0,1563.0,1953.4,1672.047619047619,217.53919187125524,376.36331864177043,0.11136438613251522,305.5999999999999,,24.325811777655478,36.49546827794562,44.52975047984645,15.644517251970916,35.103807706547435,,30.410640027800547,,,,11,4,0,2023
2023-11-28,2391,,1796.0,1662.0,1563.0,2072.4,1704.7272727272727,267.0239689615872,397.9940394167416,0.12884769781971972,318.5999999999999,,33.12917594654788,43.86281588447653,52.97504798464492,15.373480023161544,40.25703924914675,,38.49599591551221,,,,11,4,1,2023
2023-11-29,2696,,1755.0,1688.0,1502.0,2260.6,1759.0,314.7400514710486,447.3789274897786,0.1392285461696225,435.4000000000001,,53.61823361823361,59.71563981042654,79.49400798934754,19.26037335220738,53.268902785673674,,56.66693671433008,,,,11,4,2,2023
2023-11-30,2937,,1855.0,1758.0,1459.0,2477.0,1826.1818181818182,337.3077230067493,507.16275553914727,0.1361759075521798,460.0,,58.328840970350406,67.06484641638225,101.30226182316655,18.570851836899475,60.8273596176822,,62.69684369336633,,,,11,4,3,2023
2023-12-01,976,,2102.0,1820.0,1043.0,2251.8,1823.1363636363637,760.5765576192828,512.2651188086616,0.33776381455692456,-1275.8000000000002,,-53.56803044719315,-46.37362637362637,-6.423777564717162,-56.65689670485834,-46.465880475703706,,-49.970828410409766,,,,12,4,4,2023
2023-12-04,1463,,2259.0,1817.0,1507.0,2092.6,1821.1363636363637,838.0538765497112,513.6422041195739,0.4004845056626738,-629.5999999999999,,-35.236830455953964,-19.482663731425426,-2.9197080291970803,-30.086973143457897,-19.665543491825787,,-27.359747093689695,,,,12,4,0,2023
2023-12-05,1558,,2391.0,1796.0,1608.0,1926.0,1818.8636363636363,846.6572506038077,514.739628629257,0.4395935880601286,-368.0,,-34.838979506482644,-13.251670378619155,-3.109452736318408,-19.106957424714434,-14.34212170436086,,-24.0453249425509,,,,12,4,1,2023
2023-12-06,1056,,2696.0,1755.0,1608.0,1598.0,1785.695652173913,789.5242238209031,527.4618844292843,0.49407022767265524,-542.0,,-60.83086053412463,-39.82905982905983,-34.32835820895522,-33.917396745932415,-40.863382922256584,,-50.32996018159223,,,,12,4,2,2023
2023-12-07,1088,624.0,2937.0,1855.0,1032.0,1228.2,1788.1304347826087,263.06501097637454,523.9421640833536,0.21418743769449156,-140.20000000000005,0.0,-62.95539666326183,-41.34770889487871,5.426356589147287,-11.415078977365253,-39.154326841247844,0.0,-52.15155277907027,,624.0,624.0,12,4,3,2023
2023-12-09,1235,621.5,976.0,2102.0,1209.0,1280.0,1819.2727272727273,223.5162186509068,514.2775961360228,0.17462204582102095,-45.0,-1.25,26.536885245901637,-41.2464319695528,2.1505376344086025,-3.515625,-32.115730561663,-0.20072260136491368,-7.354773361825583,624.0,622.75,622.75,12,4,5,2023
2023-12-10,1935,621.5,976.0,2102.0,1948.0,1389.1666666666667,1818.6818181818182,333.87387838323997,514.130091593802,0.24034112421109055,545.8333333333333,-0.8333333333333712,98.25819672131148,-7.944814462416747,-0.6673511293634496,39.292141571685654,6.395741171177923,-0.13390465988216999,45.15669112944737,621.5,622.3333333333334,622.3333333333334,12,4,6,2023
2023-12-12,2551,617.0,1558.0,2391.0,2509.0,1573.0,1820.590909090909,652.7415261801563,516.8860663895921,0.41496600520035365,978.0,-4.0,63.73555840821567,6.691760769552489,1.6739736946990835,62.174189446916714,40.11934187201958,-0.644122383252818,35.21365958888408,621.5,621.0,621.0,12,4,1,2023
2023-12-13,2438,609.0,1056.0,2696.0,1655.0,1849.4,1856.1818181818182,671.4233388853856,531.6865023644453,0.3630492802451528,588.5999999999999,-9.600000000000023,130.87121212121212,-9.56973293768546,47.311178247734134,31.82653833675786,31.34489176217063,-1.5518913676042714,60.65073959176333,617.0,618.6,618.6,12,4,2,2023
2023-12-14,2411,611.0,1088.0,2937.0,1662.0,2114.0,1890.2272727272727,545.1687812044992,542.5301336215773,0.25788494853571386,297.0,-5.0,121.59926470588236,-17.90943139257746,45.0661853188929,14.049195837275308,27.550799567151618,-0.8116883116883116,51.84491665665245,609.0,616.0,617.3333333333334,12,4,3,2023
2023-12-15,2348,618.5,1088.0,976.0,1688.0,2153.0,1920.2272727272727,496.88348734889473,549.0241500298673,0.23078657099344854,195.0,2.0833333333333712,115.80882352941177,140.5737704918033,39.09952606635071,9.057129586623317,22.27719256716771,0.33797485467081867,128.1912970106075,611.0,616.4166666666666,617.5,12,4,4,2023
2023-12-18,2288,623.0,1935.0,1463.0,1820.0,2407.2,1950.2380952380952,99.19022129221602,566.1253310674163,0.04120564194591892,-119.19999999999982,7.2999999999999545,18.242894056847543,56.390977443609025,25.71428571428571,-4.9518112329677555,17.319008668050305,1.1856423582913682,37.31693575022828,618.5,615.7,618.1875,12,4,0,2023
2023-12-19,2219,629.0,2551.0,1558.0,1820.0,2340.8,1962.4545454545455,89.51368610440994,555.4452291607191,0.03824063828793999,-121.80000000000018,10.899999999999977,-13.01450411603293,42.42618741976894,21.923076923076923,-5.203349282296657,13.072682633066195,1.7634686943860178,14.705841651868003,623.0,618.1,619.3888888888889,12,4,1,2023
2023-12-20,2150,634.0,2438.0,1056.0,1817.0,2283.2,1977.590909090909,102.97912409803665,555.829852270752,0.045102980070969106,-133.19999999999982,10.899999999999977,-11.812961443806397,103.59848484848484,18.326912493120528,-5.833917309039936,8.718137311237276,1.7493179264965457,45.89276170233922,629.0,623.1,620.85,12,4,2,2023
2023-12-21,2087,637.5,2411.0,1088.0,1796.0,2218.4,1990.8181818181818,104.38534379882469,554.7641829654291,0.04705433817112545,-131.4000000000001,9.100000000000023,-13.438407299875571,91.81985294117648,16.202672605790646,-5.923187883159038,4.831270834284674,1.4481222151495898,39.19072282065045,634.0,628.4,622.3636363636364,12,4,3,2023
2023-12-22,2094,639.0,2348.0,1088.0,1755.0,2167.6,2006.2272727272727,85.67555077149392,552.6060279058885,0.039525535510008265,-73.59999999999991,6.5,-10.81771720613288,92.46323529411765,19.31623931623932,-3.3954604170511127,4.3750141604549455,1.0276679841897234,40.822759043992384,637.5,632.5,623.75,12,4,4,2023
2024-01-02,1388,636.0,2094.0,2219.0,976.0,1388.0,1894.3125,,512.9762462011937,,0.0,0.0,-33.715377268385865,-37.449301487156376,42.21311475409836,0.0,-26.728034577188293,0.0,-35.58233937777112,639.0,636.0,624.6923076923077,1,1,1,2024
2024-01-03,2203,633.5,2094.0,2150.0,1463.0,1795.5,1940.5625,576.2920266670362,504.79051348059375,0.3209646486588896,407.5,-1.25,5.2053486150907355,2.4651162790697674,50.58099794941901,22.695627958785852,13.523784985023674,-0.19692792437967704,3.8352324470802515,636.0,634.75,625.3214285714286,1,1,2,2024
2024-01-05,1688,635.0,2094.0,2094.0,1056.0,1759.6666666666667,2008.2,412.1993854111543,454.23109285284295,0.2342485615142002,-71.66666666666674,0.16666666666662877,-19.38872970391595,-19.38872970391595,59.84848484848485,-4.072741049441186,-15.944627029180364,0.02625360987135134,-19.38872970391595,633.5,634.8333333333334,625.9666666666667,1,1,4,2024
2024-01-07,2158,635.0,2094.0,2094.0,1088.0,1859.25,2079.5333333333333,391.0749075731315,376.8201288729312,0.21034014122529596,298.75,0.125,3.0563514804202483,3.0563514804202483,98.34558823529412,16.068307113083232,3.773282467220211,0.019688915140775743,3.0563514804202483,635.0,634.875,626.7,1,1,6,2024
2024-01-08,1668,631.5,2094.0,2094.0,1235.0,1821.0,2108.4,349.3136126749142,319.7690684585681,0.1918251579763395,-153.0,-2.7000000000000455,-20.34383954154728,-20.34383954154728,35.060728744939276,-8.40197693574959,-20.88787706317587,-0.425733207190168,-20.34383954154728,635.0,634.2,627.3666666666667,1,1,0,2024
2024-01-10,2030,627.0,2203.0,2094.0,1935.0,1886.0,2114.733333333333,245.93223999034097,317.01835608563965,0.13039885471386053,144.0,-5.125,-7.852927825692238,-3.0563514804202483,4.909560723514212,7.635206786850477,-4.006809369187595,-0.8107573660272889,-5.454639653056243,631.5,632.125,627.7333333333333,1,1,2,2024
2024-01-11,1378,622.5,2203.0,2094.0,2551.0,1784.4,2036.5333333333333,311.40777125820097,345.14259303049243,0.1745167962666448,-406.4000000000001,-7.7000000000000455,-37.4489332728098,-34.19293218720153,-45.981967855742845,-22.77516251961444,-32.33599580987298,-1.221834338305307,-35.820932730005666,627.0,630.2,628.1,1,1,3,2024
2024-01-15,1360,626.0,1668.0,2094.0,2348.0,1589.3333333333333,1900.8461538461538,381.7346373245862,352.0972512800632,0.24018538422268426,-229.33333333333326,0.8333333333333712,-18.465227817745802,-35.05253104106972,-42.078364565587734,-14.429530201342278,-28.45291570555623,0.1332977872567376,-26.758879429407763,622.5,625.1666666666666,631.4615384615385,1,1,0,2024
2024-01-16,1324,624.5,1668.0,1388.0,2348.0,1523.0,1859.642857142857,338.7447416566049,371.7581114200394,0.22241939701681215,-199.0,-0.5,-20.623501199040767,-4.610951008645533,-43.61158432708688,-13.066316480630336,-28.803533704628382,-0.08,-12.61722610384315,626.0,625.0,630.9642857142857,1,1,1,2024
2024-01-17,1308,623.5,2030.0,2203.0,2288.0,1342.5,1789.642857142857,32.14031735997639,377.1220180306592,0.023940646078194707,-34.5,-0.625,-35.56650246305419,-40.62641852019973,-42.83216783216783,-2.569832402234637,-26.912791857912595,-0.1001401962747847,-38.09646049162696,624.5,624.125,631.0,1,1,2,2024
2024-01-18,1357,623.0,1378.0,2203.0,2219.0,1337.25,1728.0714285714287,25.421447637772328,371.9626665066335,0.019010243139108117,19.75,-1.25,-1.5239477503628447,-38.40217884702678,-38.84632717440289,1.4769115722564965,-21.473153391476878,-0.2002402883460152,-19.963063298694813,623.5,624.25,630.5714285714286,1,1,3,2024
2024-01-19,1503,630.0,1378.0,1688.0,2150.0,1370.4,1681.857142857143,77.32593355401535,355.3290689667067,0.05642581257590145,132.5999999999999,4.600000000000023,9.071117561683598,-10.959715639810426,-30.093023255813954,9.676007005253934,-10.634502675613694,0.7355292612727891,-0.9442990390634138,623.0,625.4,630.2857142857143,1,1,4,2024
2024-01-22,1518,634.5,1360.0,1668.0,2094.0,1402.0,1606.3846153846155,100.74968982582526,324.0577465158356,0.07186140501128763,116.0,7.399999999999977,11.617647058823529,-8.992805755395683,-27.507163323782237,8.273894436519258,-5.502083034046837,1.1800350821240595,1.3124206517139232,630.0,627.1,629.3846153846154,1,1,0,2024
2024-01-23,1473,635.5,1324.0,1668.0,2094.0,1431.8,1596.857142857143,93.70005336177775,313.3788214195149,0.06544213812109076,41.200000000000045,6.2000000000000455,11.253776435045317,-11.690647482014388,-29.656160458452725,2.8774968571029507,-7.756307031669353,0.9852216748768546,-0.2184355234845352,634.5,629.3,629.8214285714286,1,1,1,2024
2024-01-24,1507,641.0,1308.0,2030.0,2094.0,1471.6,1590.8666666666666,66.1951659866489,302.86934162314395,0.04498176541631483,35.40000000000009,8.200000000000045,15.214067278287462,-25.76354679802956,-28.032473734479463,2.405544985050292,-5.271759627875785,1.2958280657395773,-5.274739759871048,635.5,632.8,630.5666666666667,1,1,2,2024
2024-01-25,1499,647.0,1357.0,1378.0,2094.0,1500.0,1585.125,16.673332000533176,293.4995457123093,0.011115554667022118,-1.0,9.399999999999977,10.464259395725865,8.780841799709723,-28.414517669531996,-0.06666666666666667,-5.433325447519912,1.474278544542029,9.622550597717794,641.0,637.6,631.59375,1,1,3,2024
2024-01-26,1518,654.0,1503.0,1378.0,2094.0,1503.0,1581.1764705882354,18.587630295441205,284.6456646635662,0.012367019491311514,15.0,11.600000000000023,0.998003992015968,10.159651669085632,-27.507163323782237,0.998003992015968,-3.995535714285718,1.8057285180572888,5.5788278305508,647.0,642.4,632.9117647058823,1,1,4,2024
2024-01-29,1460,663.5,1518.0,1360.0,2094.0,1491.4,1574.4444444444443,24.151604501564787,277.61997347669586,0.01619391477911009,-31.40000000000009,15.299999999999955,-3.820816864295125,7.352941176470589,-30.27698185291309,-2.105404318090391,-7.2688779110797395,2.3603825979635844,1.7660621560877319,654.0,648.2,634.6111111111111,1,1,0,2024
2024-01-30,1397,665.0,1473.0,1324.0,2094.0,1476.2,1565.1052631578948,49.37306958251639,272.85199381040724,0.03344605716198103,-79.20000000000005,10.899999999999977,-5.159538357094365,5.5135951661631415,-33.28557784145177,-5.36512667660209,-10.740827924807482,1.666411863629411,0.17702840453438817,663.5,654.1,636.2105263157895,1,1,1,2024
2024-01-31,1398,666.0,1507.0,1308.0,2094.0,1454.4,1556.75,55.99374965118881,268.1904027090863,0.03849955284047635,-56.40000000000009,6.899999999999977,-7.232913072329131,6.8807339449541285,-33.2378223495702,-3.877887788778884,-10.197526898988277,1.046882111970866,-0.17608956368750128,665.0,659.1,637.7,1,1,2,2024
2024-02-01,2093,660.5,1499.0,1357.0,1388.0,1573.2,1592.0,294.8706496075864,290.2659397681248,0.18743366997685382,519.8,-1.2999999999999545,39.62641761174116,54.23728813559322,50.79250720461095,33.040935672514614,31.469849246231156,-0.19643396796614607,46.93185287366719,666.0,661.8,638.925,2,1,3,2024
2024-02-02,1407,655.0,1518.0,1503.0,2203.0,1551.0,1552.2,304.09949029881653,254.44006635830718,0.19606672488640653,-144.0,-7.0,-7.312252964426877,-6.387225548902195,-36.13254652746255,-9.284332688588009,-9.354464630846543,-1.0574018126888218,-6.849739256664536,660.5,662.0,640.0,2,1,4,2024
2024-02-04,1714,655.0,1518.0,1503.0,1688.0,1578.1666666666667,1553.5,280.0167256909249,255.235598078157,0.17743165636767866,135.83333333333326,-5.833333333333371,12.911725955204217,14.038589487691283,1.5402843601895735,8.607033477663952,10.331509494689412,-0.8827238335435114,13.47515772144775,655.0,660.8333333333334,641.0,2,1,6,2024
2024-02-05,1774,647.5,1460.0,1518.0,1688.0,1630.5,1564.0,282.8432428042077,253.3835038040141,0.17347025010990966,143.5,-10.666666666666629,21.506849315068493,16.86429512516469,5.0947867298578196,8.80098129408157,13.427109974424553,-1.620663459103565,19.18557222011659,655.0,658.1666666666666,641.3095238095239,2,1,0,2024
2024-02-07,2179,648.0,1398.0,1507.0,1668.0,1833.4,1559.85,310.8187574777298,261.40234666525856,0.16953133930278705,345.5999999999999,-5.2000000000000455,55.86552217453505,44.59190444591904,30.635491606714627,18.850223628231692,39.692919190947855,-0.796080832823032,50.22871331022705,647.5,653.2,642.45,2,1,2,2024
2024-02-08,1675,650.5,2093.0,1499.0,1668.0,1749.8,1565.3333333333333,278.02284078830627,256.0195956041884,0.1588883534051356,-74.79999999999995,-0.7000000000000455,-19.971333014811275,11.741160773849233,0.4196642685851319,-4.274774259915416,7.005962521294724,-0.10749385749386448,-4.115086120481021,648.0,651.2,642.8333333333334,2,1,3,2024
2024-02-09,1919,657.0,1407.0,1518.0,2030.0,1852.2,1560.047619047619,204.86263690580523,246.93105843341465,0.11060503018346034,66.79999999999995,5.399999999999977,36.38948116560057,26.416337285902504,-5.467980295566503,3.60652197386891,23.00906565733647,0.8287292817679524,31.402909225751536,650.5,651.6,644.2619047619048,2,1,4,2024
2024-02-10,1978,657.0,1407.0,1518.0,1378.0,1873.1666666666667,1588.6190476190477,190.29599750563983,259.21988276181014,0.10159053163393887,104.83333333333326,4.5,40.582800284292816,30.303030303030305,43.54136429608128,5.596583325918672,24.51065615539102,0.6896551724137931,35.44291529366156,657.0,652.5,645.9047619047619,2,1,5,2024
2024-02-12,1298,658.0,1774.0,1460.0,1378.0,1809.8,1575.409090909091,337.87379300561304,260.4500974212761,0.18669123273600013,-511.79999999999995,3.8999999999999773,-26.832018038331455,-11.095890410958905,-5.805515239477503,-28.279367885954247,-17.608701924464068,0.5962391071701539,-18.963954224645178,657.0,654.1,646.4545454545455,2,1,0,2024
2024-02-13,1585,660.0,1774.0,1397.0,1378.0,1772.3333333333333,1575.8260869565217,315.8313896158306,254.46979677430235,0.17820089690567834,-187.33333333333326,4.916666666666629,-10.653889515219841,13.457408732999285,15.021770682148041,-10.569870227571936,0.582165323915682,0.7505406436840039,1.401759608889722,658.0,655.0833333333334,647.0434782608696,2,1,1,2024
2024-02-14,1582,660.5,2179.0,1398.0,1360.0,1672.8333333333333,1585.4782608695652,249.07622661881373,250.083780428081,0.14889482511835034,-90.83333333333326,3.3333333333333712,-27.397888939880676,13.161659513590845,16.323529411764707,-5.429909335458798,-0.21938243843580507,0.5072279989855498,-7.118114713144916,660.0,657.1666666666666,648.5434782608696,2,1,2,2024
2024-02-15,1581,661.0,1675.0,2093.0,1324.0,1657.1666666666667,1596.6521739130435,251.85346268548042,243.52517299331097,0.15197835423040154,-76.16666666666674,2.0833333333333712,-5.611940298507463,-24.46249402771142,19.410876132930515,-4.5961983304837615,-0.9803120660076804,0.3161755406601803,-15.03721716310944,660.5,658.9166666666666,650.1304347826087,2,1,3,2024
2024-02-16,1610,665.0,1919.0,1407.0,1308.0,1605.6666666666667,1609.7826086956522,216.75116301110532,235.25536541494844,0.13499138240259828,4.3333333333332575,4.75,-16.10213652944242,14.427860696517413,23.08868501529052,0.2698775171268377,0.01350438892639678,0.7194244604316548,-0.8371379164625026,661.0,660.25,651.9347826086956,2,1,4,2024
2024-02-19,1629,666.0,1298.0,1774.0,1503.0,1597.4,1627.0,21.314314438895494,232.59795683498325,0.013343129109111989,31.59999999999991,3.5,25.500770416024654,-8.173618940248026,8.383233532934131,1.9782145987229187,0.1229256299938537,0.5283018867924528,8.663575737888314,665.0,662.5,654.8863636363636,2,1,0,2024
2024-02-20,1632,665.5,1585.0,1774.0,1503.0,1606.8,1627.2173913043478,24.59064862910477,227.2525540453998,0.015304112913308918,25.200000000000045,1.8999999999999773,2.965299684542587,-8.004509582863585,8.582834331337326,1.5683345780433189,0.2939133222893219,0.2863170584689538,-2.5196049491604993,666.0,663.6,655.3478260869565,2,1,1,2024
2024-02-21,1676,660.5,1582.0,2179.0,1518.0,1625.6,1634.0869565217392,34.731829781917014,226.18655073019832,0.02136554489537218,50.40000000000009,-3.1000000000000227,5.941845764854614,-23.083983478659935,10.408432147562582,3.100393700787407,2.5649212430821557,-0.4671488848704073,-8.57106885690266,665.5,663.6,656.4782608695652,2,1,2,2024
2024-02-22,1752,661.5,1581.0,1675.0,1473.0,1659.8,1646.2173913043478,56.931537832733774,224.63079941857964,0.03430023968715133,92.20000000000005,-2.2000000000000455,10.815939278937382,4.597014925373134,18.94093686354379,5.554886130859143,6.4257982727200735,-0.3314750640349624,7.706477102155258,660.5,663.7,657.6086956521739,2,1,3,2024
2024-02-23,1866,663.0,1610.0,1919.0,1507.0,1711.0,1661.8260869565217,99.8699153899707,226.9779028439686,0.05836932518408574,155.0,-0.2999999999999545,15.900621118012422,-2.7618551328817094,23.822163238221634,9.059029807130333,12.286117942546177,-0.04522840343735181,6.569382992565356,661.5,663.3,658.5652173913044,2,1,4,2024
2024-02-26,1871,656.5,1629.0,1298.0,1518.0,1759.4,1685.2727272727273,108.46566276937517,230.72126696579693,0.06164923426700873,111.59999999999991,-4.899999999999977,14.855739717618171,44.14483821263482,23.254281949934125,6.343071501648284,11.0206063221491,-0.740852736619289,29.500288965126497,663.0,661.4,659.2045454545455,2,1,0,2024
2024-02-27,1899,657.5,1632.0,1585.0,1518.0,1812.8,1694.5652173913043,94.94577399758097,229.7797020244612,0.052375206309345196,86.20000000000005,-2.2999999999999545,16.360294117647058,19.810725552050474,25.09881422924901,4.7550750220653155,12.064143681847343,-0.3485904819642247,18.085509834848764,656.5,659.8,659.1304347826087,2,1,1,2024
2024-02-28,2041,662.0,1676.0,1582.0,1460.0,1885.8,1719.8260869565217,103.41034764470913,234.70400162640252,0.054836328160308166,155.20000000000005,1.8999999999999773,21.778042959427207,29.013906447534765,39.794520547945204,8.229928942623822,18.674790170896955,0.2878351764884074,25.395974703480988,657.5,660.1,659.0652173913044,2,1,2,2024
2024-02-29,2111,662.0,1752.0,1581.0,1397.0,1957.6,1750.8695652173913,111.59211441674303,237.269180534726,0.05700455374782542,153.4000000000001,1.7999999999999545,20.490867579908674,33.523086654016446,51.10952040085899,7.836125868410303,20.568661534641176,0.27264465313540664,27.00697711696256,662.0,660.2,658.9347826086956,2,1,3,2024
2024-03-01,2091,662.0,1866.0,1610.0,1398.0,2002.6,1781.0,110.78267012488632,234.40621307310246,0.05531941981668148,88.40000000000009,2.0,12.057877813504824,29.87577639751553,49.57081545064378,4.414261460101873,17.405951712521055,0.30303030303030304,20.966827105510177,662.0,660.0,658.7608695652174,3,1,4,2024
2024-03-04,1711,666.5,1871.0,1629.0,1407.0,1970.6,1780.6363636363637,167.09518245598656,215.6380444953214,0.0847940639683277,-259.5999999999999,4.5,-8.551576696953502,5.033763044812769,21.606254442075336,-13.173652694610775,-3.9107571348343346,0.6797583081570997,-1.7589068260703664,662.0,662.0,659.2045454545455,3,1,0,2024
2024-03-05,1876,666.0,1899.0,1632.0,1714.0,1966.0,1788.0,169.85287751462866,216.01984035863796,0.086395156416393,-90.0,2.2999999999999545,-1.2111637704054765,14.950980392156863,9.451575262543757,-4.5778229908443535,4.921700223713646,0.3465421124001739,6.869908310875693,666.5,663.7,659.7045454545455,3,1,1,2024
2024-03-06,1808,663.5,2041.0,1676.0,1774.0,1919.4,1789.5454545454545,175.9838060731712,216.03653290539438,0.09168688448117703,-111.40000000000009,-0.5,-11.415972562469378,7.875894988066825,1.9165727170236753,-5.803897051161826,1.0312420624841274,-0.07530120481927711,-1.7700387872012762,666.0,664.0,660.4318181818181,3,1,2,2024
2024-03-07,2064,663.5,2111.0,1752.0,1774.0,1910.0,1801.4782608695652,164.04115337316898,218.69008157357337,0.08588542061422459,154.0,-0.7999999999999545,-2.226432970156324,17.80821917808219,16.347237880496053,8.06282722513089,14.572573249022541,-0.12042751768778481,7.790893103962933,663.5,664.3,660.5652173913044,3,1,3,2024
2024-03-09,1947,661.0,2091.0,1866.0,1675.0,1881.2,1796.6818181818182,134.25609855794113,208.65884353895242,0.07136726480860149,65.79999999999995,-3.1000000000000227,-6.886657101865136,4.340836012861737,16.238805970149254,3.497767382521792,8.366433071065343,-0.4667971691010424,-1.2729105445016997,663.5,664.1,661.6136363636364,3,1,5,2024
2024-03-10,1941,661.0,2091.0,1866.0,1919.0,1891.1666666666667,1797.6818181818182,122.53883738091503,209.32462516698493,0.06479536655375784,49.83333333333326,-2.5833333333333712,-7.173601147776183,4.019292604501608,1.1464304325169359,2.635057724508677,7.972388682393988,-0.3893005148813318,-1.5771542716372875,661.0,663.5833333333334,661.7954545454545,3,1,6,2024
2024-03-12,1237,656.5,1876.0,1899.0,1978.0,1799.4,1764.0,327.19153412030664,236.74820862197498,0.18183368573986142,-562.4000000000001,-4.600000000000023,-34.06183368869936,-34.86045286993154,-37.46208291203236,-31.254862732021788,-29.875283446712018,-0.6958100136136777,-34.46114327931545,661.0,661.1,661.7727272727273,3,1,1,2024
2024-03-13,2370,657.5,1808.0,2041.0,1298.0,1911.8,1812.7272727272727,415.49933814628343,246.39190266112604,0.2173341030161541,458.20000000000005,-2.3999999999999773,31.08407079646018,16.119549240568347,82.58859784283513,23.966942148760335,30.74222668004012,-0.3636914684043003,23.601810018514264,656.5,659.9,661.75,3,1,2,2024
2024-03-14,2350,664.5,2064.0,2111.0,1585.0,1969.0,1847.5,459.0898604848505,265.9295914693359,0.23315889308524657,381.0,4.399999999999977,13.85658914728682,11.321648507816201,48.26498422712934,19.349923819197564,27.198917456021647,0.6665656718678953,12.589118827551511,657.5,660.1,661.9545454545455,3,1,3,2024
2024-03-15,2374,666.0,2064.0,2091.0,1582.0,2036.5,1883.5,442.66047937442926,281.4325174971121,0.21736335839647888,337.5,4.916666666666629,15.01937984496124,13.534194165471067,50.06321112515803,16.5725509452492,26.041943190868068,0.7437287280978134,14.276787005216153,664.5,661.0833333333334,662.2045454545455,3,1,4,2024
2024-03-18,2419,669.5,1941.0,1711.0,1610.0,2150.0,1936.4285714285713,511.00538157635793,293.6759389920424,0.2376769216634223,269.0,6.7000000000000455,24.626481195260176,41.37931034482759,50.24844720496895,12.511627906976743,24.9206934710439,1.0108630054315095,33.00289577004388,666.0,662.8,662.4761904761905,3,1,0,2024
2024-03-19,2392,672.0,1237.0,1876.0,1610.0,2381.0,1957.1363636363637,25.961509971469006,302.60949147210346,0.010903616115694669,11.0,6.100000000000023,93.37105901374294,27.505330490405118,48.57142857142857,0.46199076018479635,22.219383607775733,0.9160534614807062,60.438194752074025,669.5,665.9,662.9090909090909,3,1,1,2024
2024-03-20,2284,671.0,2370.0,1808.0,1629.0,2363.8,1986.909090909091,51.246463292589404,301.0052853658598,0.0216796951064343,-79.80000000000018,2.3999999999999773,-3.6286919831223625,26.327433628318587,40.208717004297114,-3.3759201286064884,14.952415812591505,0.3589590188453451,11.349370822598113,672.0,668.6,663.1363636363636,3,1,2,2024
2024-03-21,2240,668.0,2350.0,2064.0,1632.0,2341.8,2014.5454545454545,76.19186308260713,294.7136992102089,0.03253559786600355,-101.80000000000018,-1.2999999999999545,-4.680851063829787,8.527131782945736,37.254901960784316,-4.347083440088828,11.191335740072205,-0.19423278051695125,1.9231403595579741,671.0,669.3,663.25,3,1,3,2024
2024-03-22,2196,665.0,2374.0,2064.0,1676.0,2306.2,2038.1818181818182,96.31303130936547,287.0209277857872,0.04176265341660111,-110.19999999999982,-4.100000000000023,-7.497893850042122,6.395348837209303,31.026252983293556,-4.778423380452685,7.743086529884029,-0.6127634135405803,-0.5512725064164097,668.0,669.1,663.4545454545455,3,1,4,2024
2024-03-25,2123,665.0,2419.0,1941.0,1866.0,2247.0,2064.0476190476193,100.52362906301647,283.866073385054,0.04473681756253515,-124.0,-3.2000000000000455,-12.236461347664324,9.376609994848016,13.77277599142551,-5.518469069870939,2.8561541123543552,-0.47889853337324834,-1.4299256764081543,665.0,668.2,663.6428571428571,3,1,0,2024
2024-03-26,1989,666.0,2392.0,1237.0,1866.0,2166.4,2060.6363636363635,115.62568918713123,277.4866012131307,0.053372271596718625,-177.4000000000001,-1.0,-16.847826086956523,60.79223928860146,6.591639871382636,-8.188700147710492,-3.4764194644196356,-0.14992503748125938,21.972206600822467,665.0,667.0,663.75,3,1,1,2024
2024-03-27,1845,664.5,2284.0,2370.0,1871.0,2078.6,2059.4545454545455,161.55587268805562,278.3866320122395,0.07772340646976601,-233.5999999999999,-1.2000000000000455,-19.220665499124344,-22.151898734177212,-1.389631213254944,-11.238333493697677,-10.413172066743181,-0.18026137899955616,-20.68628211665078,666.0,665.7,664.1136363636364,3,1,2,2024
2024-03-28,1821,663.5,2240.0,2350.0,1899.0,1994.8,2055.909090909091,165.52703706645445,281.0117620129299,0.08297926462124246,-173.79999999999995,-1.2999999999999545,-18.705357142857142,-22.51063829787234,-4.107424960505529,-8.712652897533586,-11.426044660623484,-0.1955475330926526,-20.607997720364743,664.5,664.8,664.3863636363636,3,1,3,2024
2024-04-01,2086,666.0,2123.0,2419.0,2091.0,1935.25,2053.65,124.9169724256849,295.1034207652797,0.06454823533170645,150.75,1.0,-1.7428167687235046,-13.766019016122364,-0.23912003825920614,7.7896912543599015,1.5752440776178953,0.15037593984962408,-7.754417892422934,663.5,665.0,664.825,4,2,0,2024
2024-04-03,2297,673.5,1845.0,2284.0,1711.0,2068.0,2082.95,238.50995786339502,288.30493268504387,0.1153336353304618,229.0,5.833333333333371,24.498644986449865,0.5691768826619965,34.2489772063121,11.073500967117988,10.276290837514113,0.8736894658013038,12.53391093455593,666.0,667.6666666666666,665.175,4,2,2,2024
2024-04-04,1669,674.0,1821.0,2240.0,1876.0,2017.3333333333333,2072.6,319.5814971698643,299.6189509852056,0.15841779436708409,-348.33333333333326,2.8333333333333712,-8.347062053816584,-25.491071428571427,-11.034115138592751,-17.267019167217445,-19.473125542796485,0.4221504842314434,-16.919066741194005,673.5,671.1666666666666,665.575,4,2,3,2024
2024-04-06,1813,674.5,1821.0,2196.0,2064.0,1966.25,2073.315789473684,280.2253557406953,307.58504743161717,0.14251766344091307,-153.25,2.5,-0.43931905546403077,-17.440801457194897,-12.160852713178294,-7.794024157660521,-12.555530170334828,0.3720238095238095,-8.940060256329463,674.0,672.0,666.2631578947369,4,2,5,2024
2024-04-07,2021,674.5,1821.0,2196.0,2064.0,1977.2,2070.7,243.91432922237144,299.60976373662646,0.1233635086093321,43.799999999999955,2.0,10.98297638660077,-7.969034608378871,-2.083333333333333,2.2152538943961133,-2.400154537113045,0.29739776951672864,1.5069708891109497,674.5,672.5,666.675,4,2,6,2024
2024-04-09,1902,673.0,2086.0,1989.0,1941.0,1940.4,2075.157894736842,237.18305167106578,307.45483194155844,0.12223410207744062,-38.40000000000009,-0.8999999999999773,-8.820709491850431,-4.374057315233785,-2.009273570324575,-1.9789734075448409,-8.344323830780155,-0.13355097195429252,-6.597383403542109,674.5,673.9,667.6052631578947,4,2,1,2024
2024-04-10,1928,672.0,2297.0,1845.0,1941.0,1866.6,2067.8,133.0236821020964,301.0582388141803,0.0712652320272669,61.40000000000009,-1.6000000000000227,-16.06443186765346,4.4986449864498645,-0.6697578567748583,3.2894031929711827,-6.760808588838387,-0.23752969121140477,-5.782893440601798,673.0,673.6,667.825,4,2,2,2024
2024-04-11,1374,671.5,1669.0,1821.0,1237.0,1807.6,2074.65,253.4685384816027,282.1232047024496,0.1402237986731593,-433.5999999999999,-1.6000000000000227,-17.675254643499102,-24.546952224052717,11.075181891673404,-23.987607877849076,-33.771961535680724,-0.23770613578963343,-21.11110343377591,672.0,673.1,668.575,4,2,3,2024
2024-04-12,1180,672.0,1669.0,1821.0,2370.0,1703.0,2015.15,342.1169390720079,336.75217734614495,0.2008907451978907,-523.0,-0.9166666666666288,-29.298981426003596,-35.20043931905546,-50.210970464135016,-30.710510863182616,-41.44356499516165,-0.13622291021671265,-32.24971037252953,671.5,672.9166666666666,669.3,4,2,4,2024
2024-04-15,1730,672.5,2021.0,2086.0,2374.0,1622.8,1963.6315789473683,331.8752777776617,328.6861404856755,0.2045078122859636,107.20000000000005,0.2999999999999545,-14.398812469074715,-17.066155321188877,-27.12721145745577,6.605866403746615,-11.897933474496766,0.0446295745313827,-15.732483895131796,672.0,672.2,669.8947368421053,4,2,0,2024
2024-04-16,1779,672.5,1902.0,2086.0,2374.0,1598.2,1954.4,309.8325354122775,322.5724561609142,0.19386343099254003,180.79999999999995,0.39999999999997726,-6.466876971608833,-14.717162032598274,-25.06318449873631,11.312726817669876,-8.974621367171515,0.05951495313197103,-10.592019502103554,672.5,672.1,670.025,4,2,1,2024
2024-04-17,1844,672.0,1928.0,2297.0,2419.0,1581.4,1925.65,289.06020134221217,304.0784654622805,0.18278753088542568,262.5999999999999,-0.10000000000002274,-4.356846473029045,-19.721375707444494,-23.770152955766847,16.60553939547236,-4.240126710461407,-0.014878738282996984,-12.03911109023677,672.5,672.1,670.15,4,2,2,2024
2024-04-18,1901,665.5,1374.0,1669.0,2392.0,1686.8,1901.1,290.60574667408065,283.57508984208727,0.17228227808517943,214.20000000000005,-5.399999999999977,38.3551673944687,13.900539245056919,-20.52675585284281,12.69860090111454,-0.005260112566404137,-0.8048889551348901,26.12785331976281,672.0,670.9,669.825,4,2,3,2024
2024-04-19,1919,665.0,1180.0,1669.0,2284.0,1834.6,1882.85,80.08308185877674,269.00680386621485,0.043651521780647955,84.40000000000009,-4.5,62.62711864406779,14.979029358897545,-15.980735551663747,4.600457865474769,1.919961760097729,-0.6721433905899925,38.80307400148267,665.5,669.5,669.525,4,2,4,2024
2024-04-22,1882,661.5,1730.0,2021.0,2196.0,1865.0,1847.5263157894738,55.538275090242536,250.06696179247112,0.029779235973320394,17.0,-5.7999999999999545,8.786127167630058,-6.877783275606135,-14.29872495446266,0.9115281501340482,1.865937384269147,-0.869174284429785,0.9541719460119613,665.0,667.3,669.421052631579,4,2,0,2024
2024-04-23,1804,662.5,1779.0,1902.0,2196.0,1870.0,1845.35,46.200649346079985,243.5918231710369,0.024706229596834217,-66.0,-2.7999999999999545,1.405283867341203,-5.152471083070452,-17.850637522768668,-3.5294117647058822,-2.2407673341100556,-0.42086276867577854,-1.8735936078646245,661.5,665.3,669.075,4,2,1,2024
2024-04-24,1774,664.0,1844.0,1928.0,2123.0,1856.0,1827.9,63.43894702782731,235.0043448646499,0.03418046714861385,-82.0,0.2999999999999545,-3.7960954446854664,-7.987551867219916,-16.43900141309468,-4.418103448275862,-2.9487389900979313,0.0452011450956689,-5.891823655952692,662.5,663.7,669.025,4,2,2,2024
2024-04-25,1743,662.0,1901.0,1374.0,1989.0,1824.4,1815.6,73.90737446290163,232.5536497241015,0.04051051001036046,-81.40000000000009,-1.0,-8.311415044713309,26.85589519650655,-12.368024132730016,-4.46174084630564,-3.9986781229345625,-0.1508295625942685,9.272240075896622,664.0,663.0,668.825,4,2,3,2024
2024-04-26,1721,664.0,1919.0,1180.0,1845.0,1784.8,1809.4,62.751095607962654,233.38006048413604,0.03515861475121171,-63.799999999999955,1.2000000000000455,-10.317873892652424,45.847457627118644,-6.720867208672086,-3.5746302106678596,-4.88559743561402,0.18105009052505214,17.76479186723311,662.0,662.8,668.8,4,2,4,2024
2024-04-29,1684,666.0,1882.0,1730.0,1821.0,1745.2,1802.55,46.429516473895994,235.0264206872339,0.026604123581191838,-61.200000000000045,2.2999999999999545,-10.520722635494154,-2.6589595375722546,-7.5233388248215265,-3.5067614027045635,-6.576793986297187,0.3465421124001739,-6.589841086533204,664.0,663.7,668.925,4,2,0,2024
2024-04-30,1685,662.0,1804.0,1779.0,1821.0,1721.4,1796.952380952381,38.591449830238886,230.50715307566404,0.022418641704565402,-36.40000000000009,-1.6000000000000227,-6.596452328159645,-5.283867341202924,-7.468423942888523,-2.1145579179737477,-6.2301250794996825,-0.24110910186859896,-5.9401598346812845,666.0,663.6,668.5952380952381,4,2,1,2024
2024-05-01,2110,658.5,1774.0,1844.0,2086.0,1788.6,1798.095238095238,181.39818080675357,232.06613384160661,0.10141908800556501,321.4000000000001,-4.0,18.940248027057496,14.425162689804772,1.1505273250239694,17.96936151179694,17.346398305084747,-0.6037735849056604,16.682705358431136,662.0,662.5,668.2380952380952,5,2,2,2024
2024-05-02,1436,645.0,1743.0,1901.0,2086.0,1727.2,1781.6363636363637,242.39368803663152,239.26943279880402,0.14033909682528456,-291.20000000000005,-14.100000000000023,-17.613310384394723,-24.4608100999474,-31.1601150527325,-16.859657248726265,-19.399938769262175,-2.139280837505693,-21.03706024217106,658.5,659.1,667.1818181818181,5,2,3,2024
2024-05-03,2291,645.5,1721.0,1919.0,2297.0,1841.2,1781.3636363636363,349.2387435551782,238.65666621530656,0.189679960653475,449.79999999999995,-9.899999999999977,33.120278907611855,19.38509640437728,-0.26121027427078797,24.42971974799044,28.609339117121724,-1.5105279218797647,26.252687655994567,645.0,655.4,665.9090909090909,5,2,4,2024
2024-05-04,1628,645.5,1721.0,1919.0,1669.0,1805.6666666666667,1779.5,324.268201750752,239.73353262876384,0.1795836450530286,-177.66666666666674,-8.25,-5.403834979662987,-15.164147993746743,-2.456560814859197,-9.839394498800077,-8.51362742343355,-1.2619502868068833,-10.283991486704865,645.5,653.75,664.6136363636364,5,2,5,2024
2024-05-06,1852,646.0,1684.0,1882.0,1813.0,1833.6666666666667,1781.2727272727273,318.86967034615617,240.1369017908983,0.17389729340819277,18.333333333333258,-4.416666666666629,9.97624703087886,-1.5940488841657812,2.151130722559294,0.9998182148700194,3.9706032458916005,-0.6790518898142158,4.191099073356539,645.5,650.4166666666666,663.3181818181819,5,2,0,2024
2024-05-07,1966,644.0,1685.0,1804.0,2021.0,1880.5,1778.7727272727273,313.2537310232705,237.79721889882825,0.1665800218150867,85.5,-3.4166666666666288,16.676557863501486,8.980044345898005,-2.7214250371103414,4.546663121510237,10.52564331893798,-0.5277384476766578,12.828301104699745,646.0,647.4166666666666,661.9318181818181,5,2,1,2024
2024-05-08,1677,639.0,2110.0,1774.0,2021.0,1808.3333333333333,1774.3478260869565,299.3771311684751,233.29704216175315,0.16555417391805075,-131.33333333333326,-5.166666666666629,-20.52132701421801,-5.467869222096956,-17.02127659574468,-7.262672811059905,-5.4864003920607685,-0.8020698576972775,-12.994598118157484,644.0,644.1666666666666,660.9347826086956,5,2,2,2024
2024-05-09,1919,642.5,1436.0,1743.0,1902.0,1888.8333333333333,1775.0869565217392,237.85156435614667,233.74634912919004,0.1259251201038454,30.166666666666742,-1.25,33.635097493036206,10.097532989099255,0.8937960042060988,1.5971057972293343,8.107379920150874,-0.1941747572815534,21.86631524106773,639.0,643.75,659.6086956521739,5,2,3,2024
2024-05-11,1405,645.5,1628.0,1721.0,1374.0,1763.8,1769.5454545454545,228.59505681444583,234.4250773341384,0.12960372877562412,-358.79999999999995,2.1000000000000227,-13.697788697788699,-18.361417780360256,2.2561863173216885,-20.342442453792945,-20.60107885949139,0.32639104755984194,-16.029603239074476,642.5,643.4,657.8636363636364,5,2,5,2024
2024-05-12,1160,645.5,1628.0,1721.0,1180.0,1663.1666666666667,1768.6363636363637,320.2607791576525,236.84645326506856,0.19256084526965778,-503.16666666666674,1.75,-28.746928746928745,-32.59732713538641,-1.694915254237288,-30.253532418077967,-34.41274736571576,0.27184466019417475,-30.672127941157576,645.5,643.75,656.6590909090909,5,2,6,2024
2024-05-13,2066,640.0,1852.0,1684.0,1180.0,1698.8333333333333,1781.5652173913043,355.4768159341289,239.56415464280806,0.20924761067446027,367.16666666666674,-2.75,11.555075593952484,22.68408551068884,75.08474576271186,21.612871578534293,15.965443186255374,-0.4278490859587709,17.119580552320663,645.5,642.75,655.9347826086956,5,2,0,2024
2024-05-14,1993,639.5,1966.0,1685.0,1180.0,1703.3333333333333,1790.375,359.68134044827315,238.24025368996914,0.21116321357041476,289.66666666666674,-2.5,1.373346897253306,18.27893175074184,68.89830508474576,17.005870841487287,11.317461425678978,-0.3894080996884735,9.826139323997573,640.0,642.0,655.25,5,2,1,2024
2024-05-15,1889,636.0,1677.0,2110.0,1730.0,1738.6666666666667,1797.0,366.91724770943443,238.698645740316,0.21103369308441397,150.33333333333326,-5.5,12.641621943947525,-10.4739336492891,9.190751445086704,8.646472392638033,5.119643850862548,-0.857365549493375,1.0838441473292129,639.5,641.5,653.7291666666666,5,2,2,2024
2024-05-16,1817,637.0,1919.0,1436.0,1779.0,1721.6666666666667,1798.5833333333333,359.1721963998139,238.70008773366212,0.20861889432709424,95.33333333333326,-3.5833333333333712,-5.315268368942157,26.532033426183844,2.1360314783586283,5.537270087124875,1.0239540379002035,-0.5593859763236693,10.608382528620844,636.0,640.5833333333334,652.25,5,2,3,2024
2024-05-17,1844,637.0,1919.0,2291.0,1844.0,1739.142857142857,1798.5833333333333,331.12204626664374,238.70008773366212,0.19039381664748695,104.85714285714289,-3.071428571428555,-3.9082855653986446,-19.51113051069402,0.0,6.0292426482668,2.52513552332855,-0.4798571587992386,-11.709708038046333,637.0,640.0714285714286,650.7916666666666,5,2,4,2024
2024-05-20,1847,638.0,2066.0,1852.0,1919.0,1878.0,1791.0,69.25315877271815,241.82262470286315,0.03687601638589891,-31.0,0.5,-10.600193610842206,-0.26997840172786175,-3.7519541427826995,-1.650692225772098,3.126744835287549,0.0784313725490196,-5.435086006285034,637.0,637.5,648.9782608695652,5,2,0,2024
2024-05-21,1829,635.0,1993.0,1966.0,1919.0,1845.2,1792.5833333333333,27.298351598575053,236.63435684739378,0.014794250812147762,-16.200000000000045,-1.6000000000000227,-8.228800802809834,-6.9684638860630725,-4.689942678478374,-0.8779536093648409,2.031518757844828,-0.25133521834747446,-7.598632344436453,638.0,636.6,648.3958333333334,5,2,1,2024
2024-05-22,1804,629.0,1889.0,1677.0,1882.0,1828.2,1789.3333333333333,18.13008549344117,235.8873472225887,0.009916904875528482,-24.200000000000045,-6.2000000000000455,-4.499735309687666,7.573047107930829,-4.1445270988310305,-1.3237063778580047,0.8196721311475452,-0.9760705289672615,1.5366558991215813,635.0,635.2,647.0416666666666,5,2,2,2024
2024-05-23,1796,625.0,1817.0,1919.0,1804.0,1824.0,1789.0,23.119256043382983,235.87137246352316,0.012675030725538916,-28.0,-7.7999999999999545,-1.1557512383048982,-6.409588327253777,-0.4434589800443459,-1.5350877192982455,0.3912800447177194,-1.2326169405815353,-3.7826697827793376,629.0,632.8,645.4791666666666,5,2,3,2024
2024-05-24,1797,620.5,1844.0,1919.0,1774.0,1814.6,1789.9583333333333,22.50111108366728,235.8545017897533,0.012400039173188184,-17.59999999999991,-9.0,-2.5488069414316703,-6.357477853048462,1.2965050732807215,-0.9699107241265242,0.3933983565725501,-1.4297061159650517,-4.453142397240066,625.0,629.5,643.6666666666666,5,2,4,2024
2024-05-28,1784,622.0,1829.0,1993.0,1721.0,1795.25,1794.7391304347825,8.301606270243205,240.45207751447623,0.004624206249961401,-11.25,-2.125,-2.460360852925096,-10.486703462117411,3.6606624055781523,-0.6266536694053754,-0.5983672085079526,-0.34047666733426796,-6.473532157521253,620.5,624.125,641.0434782608696,5,2,1,2024
2024-05-29,1790,628.5,1804.0,1889.0,1684.0,1791.75,1799.3478260869565,6.020797289353928,239.2459002585287,0.003360288706211206,-1.75,4.5,-0.7760532150776054,-5.240868184224457,6.294536817102138,-0.09766987581972932,-0.5195119004470208,0.7211538461538461,-3.0084606996510312,622.0,624.0,639.4130434782609,5,2,2,2024
2024-05-30,1801,627.0,1796.0,1817.0,1685.0,1793.0,1804.391304347826,7.52772652705664,237.94493998907228,0.004198397393785075,8.0,2.5,0.27839643652561247,-0.8805723720418271,6.884272997032641,0.4461795872838818,-0.18794727837882988,0.4003202562049639,-0.3010879677581073,628.5,624.5,637.8913043478261,5,2,3,2024
2024-05-31,1815,619.5,1797.0,1844.0,2110.0,1797.5,1791.5652173913043,13.625955623960131,228.48549309170522,0.007580503824178098,17.5,-4.75,1.001669449081803,-1.572668112798265,-13.981042654028435,0.9735744089012517,1.3080619327282486,-0.7609130957148579,-0.28549933185823095,627.0,624.25,636.195652173913,5,2,4,2024
2024-06-02,1516,619.5,1797.0,1844.0,2291.0,1741.2,1772.5,126.44247703995599,200.07159432848724,0.07261800886742246,-225.20000000000005,-3.7999999999999545,-15.63717306622148,-17.787418655097614,-33.828022697512004,-12.933609005283714,-14.471086036671368,-0.6096582704957412,-16.712295860659548,619.5,623.3,634.6136363636364,6,2,6,2024
2024-06-03,2176,615.5,1797.0,1847.0,1628.0,1813.6666666666667,1797.409090909091,210.47248434573652,214.79595169788672,0.11604805238691591,362.33333333333326,-6.5,21.09070673344463,17.81266919328641,33.660933660933665,19.977945230656125,21.063146448170343,-1.045016077170418,19.451687963365522,619.5,622.0,633.25,6,2,0,2024
2024-06-06,1869,599.0,1801.0,1796.0,1966.0,1844.0,1790.1904761904761,270.35408880453906,216.969034437548,0.14661284642328581,25.0,-14.375,3.7756801776790674,4.064587973273942,-4.933875890132248,1.3557483731019524,4.402298239080707,-2.343590788669248,3.9201340754765046,615.5,613.375,630.5,6,2,3,2024
2024-06-08,1685,606.5,1815.0,1797.0,1919.0,1811.5,1784.15,282.541442387955,220.33975559289522,0.155970986689459,-126.5,-3.625,-7.162534435261708,-6.232609905397886,-12.193850964043772,-6.9831631244824734,-5.557268166914222,-0.594140544970293,-6.6975721703297975,599.0,610.125,628.275,6,2,5,2024
2024-06-09,1941,606.5,1516.0,1797.0,1919.0,1917.75,1791.6190476190477,203.1278333135702,217.47102707958044,0.10591987136674237,23.25,-0.375,28.034300791556728,8.013355592654424,1.1464304325169359,1.2123582323034807,8.33776312991707,-0.06179196704428424,18.023828192105576,606.5,606.875,627.2380952380952,6,2,6,2024
2024-06-11,1427,611.5,2176.0,1784.0,1160.0,1730.5,1824.3,229.25604317734596,163.6816872372784,0.1324796551154845,-303.5,5.625,-34.42095588235294,-20.01121076233184,23.017241379310345,-17.538283733025136,-21.778216302143285,0.9284093253558903,-27.216083322342392,606.5,605.875,624.625,6,2,1,2024
2024-06-12,1167,615.5,2176.0,1790.0,2066.0,1617.8,1779.35,320.8195754625959,210.54522579546438,0.19830607952935833,-450.79999999999995,7.7000000000000455,-46.369485294117645,-34.80446927374302,-43.51403678606002,-27.86500185437013,-34.414252395537694,1.2668641000329133,-40.58697728393033,611.5,607.8,623.4,6,2,2,2024
2024-06-13,1942,616.5,1869.0,1801.0,1993.0,1632.4,1776.8,336.3923304714307,208.1162630535354,0.20607224361151105,309.5999999999999,5.2000000000000455,3.9058319957196366,7.8289838978345365,-2.5589563472152537,18.965939720656696,9.297613687528143,0.85064616391298,5.867407946777087,615.5,611.3,622.25,6,2,3,2024
2024-06-14,1948,616.5,1869.0,1815.0,1889.0,1685.0,1779.75,327.3047509584913,210.19812082889783,0.194246143002072,263.0,4.333333333333371,4.226859283039058,7.327823691460054,3.123345685547909,15.608308605341245,9.453574940300603,0.7078682276068671,5.777341487249556,616.5,612.1666666666666,621.275,6,2,4,2024
2024-06-17,1948,618.0,1941.0,2176.0,1844.0,1686.4,1783.2631578947369,367.1733922821751,218.84033807150684,0.2177261576625801,261.5999999999999,2.3999999999999773,0.36063884595569295,-10.477941176470589,5.639913232104121,15.512333965844396,9.237943450799833,0.3898635477582809,-5.058651165257448,616.5,615.6,619.4473684210526,6,2,0,2024
2024-06-18,1961,624.0,1427.0,2176.0,1844.0,1793.2,1792.15,350.1252632987223,216.6795535978612,0.19525165251992097,167.79999999999995,5.899999999999977,37.42116327960757,-9.880514705882353,6.344902386117137,9.357573053758642,9.42164439360544,0.9545381006309621,13.770324286862607,618.0,618.1,619.675,6,2,1,2024
2024-06-19,1943,626.5,1167.0,2176.0,1847.0,1948.4,1796.95,7.569676347049033,219.00936653846327,0.0038850730584320636,-5.400000000000091,6.2000000000000455,66.49528706083976,-10.707720588235293,5.1976177585273415,-0.27715048244714074,8.127660758507469,0.9995163630501445,27.893783236302234,624.0,620.3,619.1,6,2,2,2024
2024-06-20,1984,627.0,1942.0,1869.0,1829.0,1956.8,1804.7,16.604216331975508,222.9109097469448,0.00848539264716655,27.200000000000045,4.600000000000023,2.1627188465499483,6.153023006955592,8.47457627118644,1.3900245298446468,9.935169280212774,0.7390745501285384,4.15787092675277,626.5,622.4,618.7,6,2,3,2024
2024-06-21,1997,628.5,1948.0,1869.0,1804.0,1966.6,1814.35,23.24435415319182,227.01872749088133,0.011819563791920992,30.40000000000009,3.7000000000000455,2.515400410677618,6.848582129481005,10.698447893569844,1.5458151123766954,10.066966131121344,0.5921895006402121,4.681991270079312,627.0,624.8,618.675,6,2,4,2024
2024-06-24,1973,627.5,1948.0,1941.0,1797.0,1971.6,1824.578947368421,20.80384579828901,235.90919057728664,0.010551757860767404,1.400000000000091,0.7999999999999545,1.2833675564681724,1.6486347243688821,9.794101279910963,0.07100831811726979,8.134537167911848,0.12765278442635303,1.4660011404185274,628.5,626.7,618.7105263157895,6,2,0,2024
2024-06-25,1926,633.5,1961.0,1427.0,1797.0,1964.6,1829.65,29.38196725883094,230.73435967978907,0.014955699510755848,-38.59999999999991,4.899999999999977,-1.7848036715961242,34.968465311843026,7.178631051752922,-1.9647765448437295,5.266034487470276,0.7795100222717113,16.59183082012345,627.5,628.6,619.45,6,2,1,2024
2024-06-26,1964,635.5,1943.0,1167.0,1797.0,1968.8,1836.047619047619,26.920252599093452,226.79494619379815,0.01367343183619131,-4.7999999999999545,5.100000000000023,1.0808028821410192,68.29477292202229,9.29326655537006,-0.24380333197886808,6.968903182301528,0.8090101522842676,34.68778790208165,633.5,630.4,620.2142857142857,6,2,2,2024
2024-06-27,2031,637.5,1984.0,1942.0,1784.0,1978.2,1847.8095238095239,39.03460003636472,230.33792980046107,0.019732382992803922,52.799999999999955,5.0,2.368951612903226,4.582904222451082,13.845291479820629,2.669093114952985,9.913926399340271,0.7905138339920948,3.475927917677154,635.5,632.5,620.952380952381,6,2,3,2024
2024-06-28,2050,638.0,1997.0,1948.0,1790.0,1988.8,1860.1904761904761,50.830109187359845,234.03324957100045,0.025558180403941998,61.200000000000045,3.6000000000000227,2.6539809714571856,5.236139630390143,14.52513966480447,3.0772325020112654,10.20376817530207,0.5674653215636858,3.9450603009236644,637.5,634.4,621.4047619047619,6,2,4,2024
2024-07-02,1487,644.5,1926.0,1961.0,1516.0,1883.0,1864.157894736842,266.5645637864601,248.37142060450464,0.1415637619683803,-396.0,5.625,-22.793354101765317,-24.17134115247323,-1.912928759894459,-21.03027084439724,-20.232078827747817,0.8804539229113676,-23.482347627119275,638.0,638.875,622.5263157894736,7,3,1,2024
2024-07-03,2251,651.0,1964.0,1943.0,2176.0,1954.75,1868.1052631578948,327.3330363202978,254.13205113720903,0.16745519187635136,296.25,8.25,14.61303462321792,15.851775604734947,3.4466911764705883,15.155390714925183,20.49642193046712,1.2835472578763127,15.232405113976434,644.5,642.75,624.3947368421053,7,3,2,2024
2024-07-05,2083,648.5,2050.0,1997.0,2176.0,1940.3333333333333,1878.85,401.4839141651027,251.9781266614026,0.20691491882757398,142.66666666666674,0.5,1.6097560975609757,4.306459689534301,-4.27389705882353,7.352688541487722,10.865689118343672,0.07716049382716049,2.9581078935476386,651.0,648.0,625.6,7,3,4,2024
2024-07-06,1881,648.5,2050.0,1997.0,1869.0,1925.5,1879.45,329.1499151855664,251.96772454131246,0.17094256826048632,-44.5,0.375,-8.24390243902439,-5.808713069604407,0.6420545746388443,-2.3110880290833546,0.08247093564606424,0.05785920925747348,-7.026307754314399,648.5,648.125,628.075,7,3,5,2024
2024-07-08,1698,646.0,2050.0,1973.0,1685.0,1880.0,1880.1,302.66483112512316,251.45594989350022,0.16099193144953358,-182.0,-1.7000000000000455,-17.170731707317074,-13.938165230613278,0.771513353115727,-9.680851063829788,-9.685655018350085,-0.2624671916010569,-15.554448468965177,648.5,647.7,630.05,7,3,0,2024
2024-07-10,1907,643.5,2251.0,1964.0,1941.0,1892.25,1878.4,157.54655396632992,251.13728684149163,0.08325884738609059,14.75,-3.125,-15.28209684584629,-2.9022403258655802,-1.751674394641937,0.7794953098163562,1.5225724020442881,-0.4832785617630002,-9.092168585855935,646.0,646.625,631.9,7,3,2,2024
2024-07-11,1451,640.5,2251.0,2031.0,1427.0,1804.0,1879.6,239.90831582085602,248.91435855477928,0.13298687129759204,-353.0,-4.899999999999977,-35.539760106619276,-28.55736090595766,1.6818500350385426,-19.56762749445676,-22.802723983826343,-0.7592190889370898,-32.04856050628847,643.5,645.4,633.35,7,3,3,2024
2024-07-15,1993,639.0,1698.0,2050.0,1948.0,1783.6666666666667,1918.2222222222222,291.28908893628795,195.0636564441466,0.1633091509640934,209.33333333333326,-2.0,17.373380447585397,-2.780487804878049,2.3100616016427105,11.73612408895533,3.8982854494902712,-0.31201248049922,7.296446321353674,640.5,641.0,636.5277777777778,7,3,0,2024
2024-07-16,1942,638.5,1698.0,1487.0,1948.0,1823.25,1919.4736842105262,250.6662788117554,189.6462696768374,0.1374832188738546,118.75,-1.875,14.3698468786808,30.598520511096165,-0.3080082135523614,6.513094748388866,1.1735673156018682,-0.2927971891469842,22.484183694888483,639.0,640.375,636.6315789473684,7,3,1,2024
2024-07-17,1890,635.5,1907.0,2251.0,1948.0,1819.0,1916.421052631579,248.91096132285145,189.6283838896718,0.1368394509746297,71.0,-2.875,-0.8914525432616675,-16.03731674811195,-2.97741273100616,3.9032435404068173,-1.378666373722949,-0.45036224789504603,-8.46438464568681,638.5,638.375,637.5526315789474,7,3,2,2024
2024-07-18,1912,637.0,1451.0,2251.0,1961.0,1934.25,1913.842105263158,44.589797039220066,189.32137965724363,0.023052757936781732,-22.25,-0.5,31.77119228118539,-15.05997334517992,-2.498725140234574,-1.1503166602042136,-0.09625168440447833,-0.0784313725490196,8.355609468002735,635.5,637.5,638.2368421052631,7,3,3,2024
2024-07-19,1902,637.0,1451.0,2083.0,1943.0,1927.8,1911.6842105263158,41.22135368955213,189.20419675624527,0.021382588281747137,-25.799999999999955,-0.39999999999997726,31.08201240523777,-8.689390302448393,-2.110138960370561,-1.3383131030189832,-0.5065800341390918,-0.06275494195167514,11.196311051394687,637.0,637.4,638.7894736842105,7,3,4,2024
2024-07-22,1896,630.0,1993.0,1698.0,1997.0,1908.4,1902.0555555555557,20.464603587639456,192.5734305240247,0.010723435122426878,-12.400000000000091,-5.600000000000023,-4.867034621174109,11.66077738515901,-5.057586379569353,-0.6497589603856682,-0.3183690159768724,-0.8810572687224705,3.3968713819924505,637.0,635.6,639.5277777777778,7,3,0,2024
2024-07-23,1869,626.0,1942.0,1698.0,1997.0,1893.8,1900.3157894736842,16.068602926181214,187.30131773623881,0.00848484682975035,-24.799999999999955,-7.100000000000023,-3.7590113285272917,10.070671378091872,-6.4096144216324475,-1.3095363818777037,-1.6479255525397414,-1.1214658031906526,3.15583002478229,630.0,633.1,638.8157894736842,7,3,1,2024
2024-07-24,1864,623.0,1890.0,1907.0,1973.0,1888.6,1894.578947368421,21.042813500083554,186.61943324717697,0.011142017102659937,-24.59999999999991,-7.600000000000023,-1.3756613756613756,-2.2548505506030416,-5.524581855043081,-1.3025521550354713,-1.614023390838125,-1.205201395496356,-1.8152559631322087,626.0,630.6,638.578947368421,7,3,2,2024
2024-07-25,1834,622.0,1912.0,1451.0,1926.0,1873.0,1889.7368421052631,27.331300737421092,186.95211570680848,0.014592258802680775,-39.0,-5.600000000000023,-4.079497907949791,26.395589248793932,-4.7767393561786085,-2.08222103577149,-2.9494499373346312,-0.8922880815806281,11.158045670422071,623.0,627.6,637.9736842105264,7,3,3,2024
2024-07-26,1808,624.5,1902.0,1451.0,1964.0,1854.2,1881.5263157894738,33.92933833718868,186.93503578072142,0.01829864002652825,-46.200000000000045,-0.6000000000000227,-4.942166140904311,24.603721571330116,-7.942973523421588,-2.491640599719558,-3.907801616828446,-0.09598464245721047,9.830777715212903,622.0,625.1,637.3947368421053,7,3,4,2024
2024-07-29,1797,621.5,1896.0,1993.0,2050.0,1834.4,1859.1666666666667,32.284671285294095,184.13941329713225,0.01759958094488339,-37.40000000000009,-1.8999999999999773,-5.2215189873417724,-9.834420471650777,-12.341463414634147,-2.0388137810728355,-3.34379202151502,-0.3047802374077602,-7.527969729496275,624.5,623.4,636.4722222222222,7,3,0,2024
2024-07-30,1762,616.0,1869.0,1942.0,2050.0,1813.0,1854.0526315789473,38.48376280978212,180.33440347316886,0.021226565256360796,-51.0,-5.399999999999977,-5.724986623863028,-9.268795056642636,-14.04878048780488,-2.8130170987313843,-4.964941664064491,-0.8690054715159281,-7.496890840252832,621.5,621.4,635.3947368421053,7,3,1,2024
2024-07-31,1708,617.0,1864.0,1890.0,2050.0,1781.8,1846.75,48.68469985529009,178.53700044056976,0.027323324646587772,-73.79999999999995,-3.2000000000000455,-8.369098712446352,-9.62962962962963,-16.682926829268293,-4.141878998765291,-7.513198862867199,-0.5159625927120356,-8.99936417103799,616.0,620.2,634.475,7,3,2,2024
2024-08-01,2022,625.0,1834.0,1912.0,1487.0,1819.4,1873.5,119.77395376290936,161.01895932826744,0.06583156741942912,202.5999999999999,4.2000000000000455,10.25081788440567,5.7531380753138075,35.97848016139879,11.135539188743536,7.926341072858286,0.6765463917525847,8.001977979859738,617.0,620.8,633.5,8,3,3,2024
2024-08-02,1473,621.0,1808.0,1902.0,2251.0,1752.4,1834.6,196.72391822043346,158.9844083715863,0.11225971137892801,-279.4000000000001,0.8999999999999773,-18.528761061946902,-22.555205047318612,-34.56241670368725,-15.943848436430045,-19.710018532650164,0.14513788098693392,-20.54198305463276,625.0,620.1,632.0,8,3,4,2024
2024-08-03,2345,621.0,1808.0,1902.0,2251.0,1851.1666666666667,1858.904761904762,299.14773384845523,190.8334102723911,0.16159956811836962,493.83333333333326,0.75,29.701327433628315,23.291272344900104,4.175921812527766,26.67687044206356,26.14955042651843,0.12091898428053204,26.496299889264208,621.0,620.25,631.4761904761905,8,3,5,2024
2024-08-04,1594,621.0,1808.0,1902.0,2083.0,1814.4285714285713,1835.6190476190477,289.86597888383767,191.9527223538332,0.15975607056033886,-220.42857142857133,0.6428571428571104,-11.836283185840708,-16.19348054679285,-23.47575612097936,-12.148649712621049,-13.162810003113007,0.10362694300517612,-14.014881866316777,621.0,620.3571428571429,630.1666666666666,8,3,6,2024
2024-08-05,2203,608.0,1797.0,1896.0,1881.0,1872.4285714285713,1850.952380952381,324.3634058392201,207.95299377274628,0.17323139092656906,330.57142857142867,-10.428571428571445,22.593210907067334,16.191983122362867,17.118553960659224,17.65468833447777,19.01980962181631,-1.6863016863016889,19.3925970147151,621.0,618.4285714285714,628.2380952380952,8,3,0,2024
2024-08-07,1940,604.5,1708.0,1864.0,1698.0,1929.5,1862.4761904761904,339.7238584497699,205.7468393554618,0.1760683381444778,10.5,-12.25,13.583138173302109,4.07725321888412,14.252061248527681,0.5441824306815237,4.162405399877281,-1.986218078638022,8.830195696093114,608.0,616.75,626.2619047619048,8,3,2,2024
2024-08-08,1683,609.0,2022.0,1834.0,1698.0,1873.0,1854.3181818181818,349.3176205117621,204.40188853000424,0.18650166605005983,-190.0,-5.083333333333371,-16.765578635014837,-8.233369683751363,-0.88339222614841,-10.144153764014948,-9.238877313396246,-0.8277921020491309,-12.4994741593831,604.5,614.0833333333334,625.4772727272727,8,3,3,2024
2024-08-10,1860,610.5,2345.0,1808.0,1451.0,1856.0,1871.2857142857142,237.72568224741593,187.8733996224975,0.12808495810744394,4.0,-0.10000000000002274,-20.68230277185501,2.8761061946902653,28.187456926257752,0.21551724137931033,-0.6030994732422288,-0.016377333770065956,-8.903098288582372,609.0,610.6,623.1904761904761,8,3,5,2024
2024-08-11,1495,610.5,1594.0,1808.0,1451.0,1836.2,1854.1818181818182,267.2876727423086,200.12891948837543,0.1455656642753015,-341.20000000000005,2.0,-6.210790464240904,-17.311946902654867,3.0323914541695385,-18.581853828558984,-19.371445381447344,0.3286770747740345,-11.761368683447886,610.5,608.5,622.6136363636364,8,3,6,2024
2024-08-13,1670,624.5,2203.0,1762.0,1451.0,1729.6,1846.1739130434783,174.66625318017165,199.26356510774076,0.1009865016074073,-59.59999999999991,12.700000000000045,-24.1942805265547,-5.2213393870601585,15.09303928325293,-3.4458834412580894,-9.542649898732984,2.0758417783589485,-14.707809956807429,610.5,611.8,622.695652173913,8,3,1,2024
2024-08-14,1728,622.5,1940.0,1708.0,1993.0,1687.2,1834.6521739130435,131.1285628686595,198.0455890343648,0.07771963185672089,40.799999999999955,7.100000000000023,-10.927835051546392,1.1709601873536302,-13.296537882589062,2.4182076813655735,-5.813209469867528,1.1537211569710795,-4.878437432096381,624.5,615.4,621.9782608695652,8,3,2,2024
2024-08-15,1692,620.0,1683.0,2022.0,1942.0,1689.0,1823.7826086956522,131.11826722467003,198.7453730786158,0.07763070883639434,3.0,2.3999999999999773,0.53475935828877,-16.320474777448073,-12.873326467559219,0.17761989342806395,-7.225784919064537,0.3886010362694264,-7.892857709579651,622.5,617.6,621.1739130434783,8,3,3,2024
2024-08-16,1691,619.5,1683.0,1473.0,1890.0,1689.3333333333333,1815.1304347826087,117.2785857122546,200.0589241261926,0.06942299864577028,1.6666666666667425,1.5833333333333712,0.4753416518122401,14.799728445349627,-10.52910052910053,0.09865824782952304,-6.8386509533390845,0.256237356709379,7.637535048580934,620.0,617.9166666666666,620.4782608695652,8,3,4,2024
2024-08-19,1708,615.5,1495.0,2203.0,1902.0,1697.8,1801.909090909091,21.614809737769196,203.68273861242633,0.012731069465054303,10.200000000000045,-4.899999999999977,14.247491638795987,-22.469359963685882,-10.199789695057834,0.6007774767346004,-5.211644215730795,-0.7898130238555734,-4.110934162444948,619.5,620.4,618.75,8,3,0,2024
2024-08-20,1735,609.5,1670.0,2203.0,1902.0,1710.8,1799.0,20.216330032919593,199.48820881081025,0.01181688685580991,24.200000000000045,-7.899999999999977,3.8922155688622757,-21.2437585111212,-8.780231335436381,1.4145429039046087,-3.5575319622012227,-1.2795594428247454,-8.675771471129462,615.5,617.4,618.3478260869565,8,3,1,2024
2024-08-21,1759,610.0,1728.0,1940.0,1896.0,1717.0,1793.0434782608695,29.45335295004474,198.5031436116702,0.017153962114178647,42.0,-4.899999999999977,1.7939814814814814,-9.329896907216495,-7.2257383966244735,2.44612696563774,-1.898642095053343,-0.7968775410635839,-3.7679577128675072,609.5,614.9,617.4782608695652,8,3,2,2024
2024-08-22,1768,609.5,1692.0,1683.0,1869.0,1732.2,1788.6521739130435,32.752099169364186,197.8625805717538,0.018907804623810292,35.799999999999955,-3.2999999999999545,4.491725768321513,5.05050505050505,-5.403959336543606,2.0667359427317833,-1.1546221347140193,-0.5385117493472511,4.771115409413282,610.0,612.8,616.7608695652174,8,3,3,2024
2024-08-23,1762,615.5,1691.0,1683.0,1864.0,1746.4,1784.2173913043478,24.86563894211904,197.23911573190412,0.01423822660451159,15.599999999999909,3.5,4.198698994677706,4.69399881164587,-5.472103004291846,0.8932661475034304,-1.245217730340908,0.5718954248366013,4.4463489031617875,609.5,612.0,616.4347826086956,8,3,4,2024
2024-08-27,1721,631.5,1735.0,1670.0,1808.0,1752.5,1778.0,21.33072900769565,201.89271078141118,0.01217160000439124,-31.5,14.875,-0.8069164265129682,3.053892215568862,-4.811946902654867,-1.7974322396576319,-3.2058492688413947,2.41232515710521,1.123487894527947,615.5,616.625,616.5,8,3,1,2024
2024-08-28,1755,630.5,1759.0,1728.0,1797.0,1751.5,1776.090909090909,21.01586702152492,201.90306705161356,0.011998782198986537,3.5,8.75,-0.22740193291642977,1.5625,-2.337228714524207,0.19982871824150727,-1.1874904028254036,1.407318053880177,0.6675490335417851,631.5,621.75,616.9090909090909,8,3,2,2024
2024-08-29,1827,626.0,1768.0,1692.0,1762.0,1766.25,1779.0454545454545,44.28223872690229,202.16247055812408,0.025071331197113824,60.75,0.125,3.33710407239819,7.9787234042553195,3.688989784335982,3.4394904458598727,2.69552109149442,0.019972039145196723,5.657913738326755,630.5,625.875,617.3636363636364,8,3,3,2024
2024-08-30,1814,629.0,1762.0,1691.0,1708.0,1779.25,1783.8636363636363,49.895724599738834,201.65111206157755,0.028043121877048664,34.75,-0.25,2.9511918274687856,7.273802483737433,6.206088992974239,1.9530701138119995,1.6893871830806533,-0.03972983710766786,5.112497155603109,626.0,629.25,617.9090909090909,8,3,4,2024
2024-09-01,1875,629.0,1762.0,1691.0,1473.0,1798.4,1791.6666666666667,60.834200907052995,188.09687220507755,0.03382684658977591,76.59999999999991,-0.20000000000004547,6.413166855845629,10.881135422826729,27.29124236252546,4.259341637010671,4.65116279069767,-0.03178639542276629,8.647151139336179,629.0,629.2,617.952380952381,9,3,6,2024
2024-09-02,1545,624.0,1762.0,1708.0,2345.0,1756.1666666666667,1753.5714285714287,116.88698245171058,146.9352141008306,0.06655802360351745,-211.16666666666674,-4.333333333333371,-12.3155505107832,-9.543325526932083,-34.11513859275053,-12.02429534022967,-11.894093686354383,-0.689655172413799,-10.929438018857642,629.0,628.3333333333334,618.0952380952381,9,3,0,2024
2024-09-04,1570,616.0,1755.0,1759.0,2203.0,1726.2,1729.9,155.91888916997792,109.26592380638542,0.09032492710576868,-156.20000000000005,-8.799999999999955,-10.541310541310542,-10.744741330301308,-28.73354516568316,-9.04877766191635,-9.243308861783923,-1.408450704225345,-10.643025935805925,624.0,624.8,618.35,9,3,2,2024
2024-09-05,2166,616.0,1827.0,1768.0,2203.0,1794.0,1750.6666666666667,253.73312751787006,142.82308403522555,0.1414342962752899,372.0,-6.7999999999999545,18.555008210180624,22.511312217194572,-1.6795279164775307,20.735785953177256,23.72429550647372,-1.091843288375073,20.533160213687598,616.0,622.8,618.2380952380952,9,3,3,2024
2024-09-07,1894,612.5,1814.0,1762.0,1683.0,1810.0,1751.75,257.7993405732444,142.9139877504529,0.14243057490234498,84.0,-7.0,4.410143329658213,7.491486946651532,12.537136066547832,4.640883977900553,8.120450977593835,-1.1299435028248588,5.950815138154873,616.0,619.5,619.1,9,3,5,2024
2024-09-08,1670,612.5,1875.0,1762.0,1683.0,1769.0,1747.857142857143,261.1570408777059,140.43300385389585,0.14762975742097564,-99.0,-3.7000000000000455,-10.933333333333334,-5.2213393870601585,-0.7724301841948901,-5.596382136800452,-4.454434000817329,-0.6004543979227597,-8.077336360196746,612.5,616.2,618.7857142857143,9,3,6,2024
2024-09-09,1958,604.0,1545.0,1762.0,1860.0,1851.6,1752.5238095238096,236.77161992096853,145.8689888384837,0.12787406563024872,106.40000000000009,-8.200000000000045,26.731391585760516,11.12372304199773,5.268817204301075,5.7463815078850775,11.724587669483459,-1.3394315583142837,18.927557313879124,612.5,612.2,618.4761904761905,9,3,0,2024
2024-09-10,1799,596.0,1545.0,1721.0,1495.0,1842.8333333333333,1767.0,212.86090920285562,133.60314367558803,0.11550741206630495,-43.83333333333326,-13.5,16.440129449838185,4.53224869262057,20.334448160535118,-2.378583702631813,1.8109790605546123,-2.2149302707136997,10.486189071229377,604.0,609.5,617.7857142857143,9,3,1,2024
2024-09-12,1168,589.5,2166.0,1827.0,1670.0,1697.8,1743.095238095238,315.3968928191904,186.3313995981091,0.18576798964494665,-529.8,-13.399999999999977,-46.07571560480147,-36.07006020799125,-30.059880239520957,-31.205088938626456,-32.99276055183718,-2.2225908110797774,-41.07288790639636,596.0,602.9,616.1190476190476,9,3,3,2024
2024-09-13,1890,591.5,2166.0,1814.0,1728.0,1729.8333333333333,1750.8095238095239,292.8087544228596,189.00942279357838,0.16926992258764403,160.16666666666674,-9.5,-12.742382271468145,4.189636163175303,9.375,9.259080836304081,7.950063916011637,-1.5806988352745424,-4.276373054146421,589.5,601.0,614.6428571428571,9,3,4,2024
2024-09-16,1896,591.0,1958.0,1545.0,1691.0,1688.25,1764.0,349.6611454918411,195.34800256276733,0.2071145538230956,207.75,-1.0,-3.1664964249233916,22.718446601941746,12.12300413956239,12.305641936916926,7.482993197278912,-0.16891891891891891,9.775975088509178,591.5,592.0,612.95,9,3,0,2024
2024-09-17,1901,590.5,1799.0,1545.0,1691.0,1713.75,1770.5238095238096,363.8611227744267,192.73443362503164,0.21231867120316655,187.25,-0.125,5.669816564758199,23.042071197411005,12.418687167356595,10.926331145149526,7.36935531588714,-0.021164021164021166,14.355943881084603,591.0,590.625,611.8809523809524,9,3,1,2024
2024-09-18,1890,588.5,1799.0,1570.0,1708.0,1749.0,1779.1904761904761,324.82148943689015,193.870992943147,0.1857184044807834,141.0,-1.7000000000000455,5.058365758754864,20.382165605095544,10.655737704918032,8.061749571183533,6.2280866097476135,-0.2880379532361988,12.720265681925204,590.5,590.2,610.5952380952381,9,3,2,2024
2024-09-19,1976,589.5,1168.0,2166.0,1735.0,1910.6,1790.6666666666667,36.848337818678594,198.20881245124602,0.019286264952726156,65.40000000000009,-0.7000000000000455,69.17808219178082,-8.771929824561402,13.890489913544668,3.423008479011834,10.34996276991809,-0.11860386309726287,30.203076183609706,588.5,590.2,609.6428571428571,9,3,3,2024
2024-09-20,1977,598.5,1890.0,2166.0,1759.0,1928.0,1801.047619047619,44.44659717008072,202.13719998814554,0.0230532142998344,49.0,6.899999999999977,4.603174603174604,-8.725761772853186,12.393405343945425,2.54149377593361,9.769446353973878,1.1663286004056757,-2.0612935848392913,589.5,591.6,609.0952380952381,9,3,4,2024
2024-09-23,1999,603.0,1896.0,1958.0,1762.0,1948.6,1814.55,49.49040311009185,211.52465950557004,0.02539792831268185,50.40000000000009,9.0,5.432489451476793,2.093973442288049,13.450624290578888,2.586472339115267,10.165054696756775,1.5151515151515151,3.763231446882421,598.5,594.0,608.45,9,3,0,2024
2024-09-24,2014,609.0,1901.0,1799.0,1762.0,1971.2,1824.047619047619,48.100935541830644,210.71271347274617,0.024401854475360512,42.799999999999955,11.299999999999955,5.944239873750658,11.951083935519733,14.301929625425652,2.1712662337662314,10.41378410129226,1.890580558808759,8.947661904635195,603.0,597.7,608.4761904761905,9,3,1,2024
2024-09-25,2016,606.5,1890.0,1799.0,1762.0,1996.4,1832.7727272727273,19.320973060363716,209.6672946810601,0.009677906762354095,19.59999999999991,5.2000000000000455,6.666666666666667,12.062256809338521,14.415437003405222,0.9817671809256616,9.997271893058208,0.8647929486113497,9.364461738002595,609.0,601.3,608.3863636363636,9,3,2,2024
2024-09-26,2091,597.5,1976.0,1168.0,1721.0,2019.4,1849.590909090909,42.95695519935343,215.04521320630184,0.021272137862411323,71.59999999999991,-5.399999999999977,5.819838056680162,79.02397260273972,21.499128413712956,3.5456076062196646,13.05202624659016,-0.8956709238679676,42.42190532970994,606.5,602.9,606.8409090909091,9,3,3,2024
2024-09-27,2110,591.0,1977.0,1890.0,1755.0,2046.0,1865.7272727272727,50.631018160799506,220.8501284146771,0.024746343187096533,64.0,-10.399999999999977,6.727364693980779,11.64021164021164,20.22792022792023,3.1280547409579667,13.092627783462454,-1.729298303957429,9.183788167096209,597.5,601.4,605.0454545454545,9,3,4,2024
2024-09-30,2084,592.0,1999.0,1896.0,1814.0,2063.0,1880.4285714285713,44.844174649548165,230.56443165166942,0.021737360469970025,21.0,-7.2000000000000455,4.252126063031516,9.915611814345992,14.884233737596473,1.0179350460494425,10.825799589759178,-1.201602136181583,7.083868938688754,591.0,599.2,602.2857142857143,9,3,0,2024
2024-10-01,1664,588.5,2014.0,1901.0,1875.0,1993.0,1870.3809523809523,187.31257298964024,235.3604631603358,0.0939852348166785,-329.0,-6.600000000000023,-17.378351539225424,-12.467122567069962,-11.253333333333334,-16.507777220270945,-11.034166709099237,-1.109057301293904,-14.922737053147692,592.0,595.1,600.3571428571429,10,4,1,2024
2024-10-04,1587,615.0,2110.0,1977.0,1570.0,1778.3333333333333,1887.5,267.5001557631934,227.83107777474135,0.15042183079467294,-191.33333333333326,16.5,-24.786729857819907,-19.726858877086496,1.0828025477707006,-10.759137769447044,-15.920529801324504,2.756892230576441,-22.256794367453203,588.5,598.5,599.125,10,4,4,2024
2024-10-05,2129,615.0,2110.0,1977.0,2166.0,1866.0,1885.65,280.08213081165917,225.58981756602827,0.15009760493658048,263.0,12.375,0.9004739336492891,7.688416793120891,-1.7082179132040627,14.094319399785638,12.905364198021896,2.0535158680771626,4.29444536338509,615.0,602.625,599.075,10,4,5,2024
2024-10-06,1883,615.0,2110.0,1977.0,2166.0,1869.4,1885.5238095238096,242.67735782309714,219.8785162419515,0.12981564021776887,13.599999999999909,9.899999999999977,-10.75829383886256,-4.754678806272129,-13.06555863342567,0.727506151706425,-0.1338519042327565,1.6360932077342552,-7.756486322567344,615.0,605.1,599.8333333333334,10,4,6,2024
2024-10-07,1939,616.0,2084.0,1999.0,1894.0,1840.4,1887.6666666666667,218.03394231174093,220.18431672881147,0.11847095322307157,98.59999999999991,6.100000000000023,-6.957773512476008,-3.001500750375188,2.3759239704329462,5.357530971527924,2.719406674907289,1.0001639613051359,-4.979637131425598,615.0,609.9,600.0,10,4,0,2024
2024-10-09,1941,612.5,1664.0,2016.0,1958.0,1895.8,1897.7,196.09487499677158,219.82387686988315,0.10343647800230593,45.200000000000045,-2.2000000000000455,16.646634615384613,-3.7202380952380953,-0.8682328907048007,2.3842177444878176,2.28170943774042,-0.35789816170490407,6.463198260073259,616.0,614.7,599.8,10,4,2,2024
2024-10-10,1790,616.5,1664.0,2091.0,1799.0,1878.1666666666667,1897.25,180.63268438094548,220.045659137515,0.0961750027762599,-88.16666666666674,1.5,7.572115384615384,-14.395026303204208,-0.500277932184547,-4.694294081107467,-5.652918698115694,0.24390243902439024,-3.411455459294412,612.5,615.0,600.825,10,4,3,2024
2024-10-12,1156,624.0,2129.0,2110.0,1168.0,1741.8,1896.65,333.1631732349776,222.14511023202894,0.19127521715178414,-585.8,7.2000000000000455,-45.702207609206205,-45.21327014218009,-1.0273972602739725,-33.63187507176484,-39.050431023119714,1.1673151750972837,-45.45773887569315,616.5,616.8,602.55,10,4,5,2024
2024-10-14,1814,622.5,1939.0,2084.0,1890.0,1675.25,1892.85,352.44987823329774,222.91354826479318,0.21038643679050753,138.75,3.625,-6.446621970087674,-12.955854126679462,-4.021164021164021,8.282345918519624,-4.165676096890928,0.5857402544940415,-9.701238048383567,624.0,618.875,604.1,10,4,0,2024
2024-10-15,1766,608.5,1939.0,1664.0,1890.0,1693.4,1886.8095238095239,307.91687189889376,219.02548231829587,0.18183351358148916,72.59999999999991,-8.299999999999955,-8.92212480660134,6.129807692307692,-6.56084656084656,4.287232786110778,-6.402846831385814,-1.3456549935149085,-1.3961585571468245,622.5,616.8,604.3095238095239,10,4,1,2024
2024-10-16,1676,605.5,1941.0,1664.0,1896.0,1640.4,1876.3333333333333,275.77309513438735,223.77384416712675,0.16811332305193083,35.59999999999991,-9.899999999999977,-13.652756311179804,0.7211538461538461,-11.60337552742616,2.1702023896610525,-10.676852016343929,-1.6087097822554401,-6.465801232512979,608.5,615.4,605.0,10,4,2,2024
2024-10-17,1594,605.0,1790.0,1664.0,1901.0,1601.2,1861.7142857142858,262.81780761584616,231.96015667720698,0.16413802624022367,-7.2000000000000455,-8.100000000000023,-10.949720670391061,-4.206730769230769,-16.149395055234088,-0.44966275293530134,-14.379987722529162,-1.321154787147288,-7.578225719810915,605.5,613.1,605.6904761904761,10,4,3,2024
2024-10-18,1576,602.5,1790.0,1587.0,1890.0,1597.0,1846.7619047619048,235.29640881237424,240.02581210401215,0.14733651146673402,-21.0,-8.833333333333371,-11.955307262569832,-0.6931316950220542,-16.613756613756614,-1.3149655604257984,-14.661440874632564,-1.444929116684848,-6.324219478795943,605.0,611.3333333333334,606.3571428571429,10,4,4,2024
2024-10-21,1546,602.0,1814.0,1939.0,1977.0,1631.6,1818.75,89.25693250386693,250.6147966816593,0.05470515598422833,-85.59999999999991,-2.7000000000000455,-14.773980154355016,-20.268179473955648,-21.800708143652,-5.246383917626864,-14.996563573883162,-0.44650239788325535,-17.521079814155332,602.5,604.7,607.375,10,4,0,2024
2024-10-22,1480,603.5,1766.0,1939.0,1977.0,1574.4,1802.6190476190477,71.46187794901535,255.20922322488173,0.04538991231517743,-94.40000000000009,-0.20000000000004547,-16.194790486976217,-23.67199587416194,-25.139099645928177,-5.995934959349599,-17.897239466384892,-0.033129037601465204,-19.933393180569077,602.0,603.7,607.1904761904761,10,4,1,2024
2024-10-23,1445,608.5,1676.0,1941.0,1999.0,1528.2,1776.2380952380952,63.594024876556226,262.42578089088397,0.041613679411435824,-83.20000000000005,4.2000000000000455,-13.782816229116946,-25.553838227717673,-27.71385692846423,-5.444313571522055,-18.648293611431328,0.6950190302829796,-19.66832722841731,603.5,604.3,607.452380952381,10,4,2,2024
2024-10-24,1417,609.0,1594.0,1790.0,2014.0,1492.8,1747.8095238095239,66.982833621758,267.6653916829024,0.044870601300748936,-75.79999999999995,3.8999999999999773,-11.104140526976161,-20.837988826815643,-29.642502482621648,-5.077706323687028,-18.92709241499564,0.644521566683189,-15.971064676895903,608.5,605.1,607.452380952381,10,4,3,2024
2024-10-25,1410,606.5,1576.0,1790.0,2016.0,1459.6,1718.952380952381,55.60845259490839,269.9626781965373,0.038098419152444774,-49.59999999999991,0.6000000000000227,-10.532994923857867,-21.22905027932961,-30.059523809523807,-3.3981912852836333,-17.973294919386117,0.0990262419541216,-15.881022601593738,609.0,605.9,607.452380952381,10,4,4,2024
2024-10-28,1382,591.0,1546.0,1814.0,2110.0,1426.8,1663.95,37.238421019160235,253.32431366676215,0.026099257793075578,-44.799999999999955,-12.700000000000045,-10.608020698576972,-23.814773980154357,-34.502369668246445,-3.1398934679001935,-16.944619730160163,-2.10369388769257,-17.211397339365664,606.5,603.7,607.95,10,4,0,2024
2024-10-29,1402,584.5,1480.0,1766.0,2110.0,1411.2,1651.4761904761904,22.993477335980774,253.44045041145492,0.016293563871868463,-9.200000000000045,-15.399999999999977,-5.27027027027027,-20.61155152887882,-33.55450236966825,-0.6519274376417266,-15.106254144920845,-2.567094515752622,-12.940910899574545,591.0,599.9,606.8333333333334,10,4,1,2024
2024-10-30,1395,589.5,1445.0,1676.0,2084.0,1401.2,1618.6666666666667,13.553597308474224,238.82406355585786,0.009672849920406953,-6.2000000000000455,-6.600000000000023,-3.4602076124567476,-16.766109785202865,-33.061420345489445,-0.4424778761061979,-13.817957166392098,-1.1071967790639192,-10.113158698829807,584.5,596.1,606.7142857142857,10,4,2,2024
2024-10-31,1388,591.0,1417.0,1594.0,1664.0,1395.4,1605.5238095238096,11.081516141769157,243.74815261815004,0.007941462047992802,-7.400000000000091,-1.5,-2.046577275935074,-12.923462986198246,-16.58653846153846,-0.5303138884907619,-13.54846363744217,-0.25316455696202533,-7.48502013106666,589.5,592.5,606.8333333333334,10,4,3,2024
2024-11-01,1554,595.5,1410.0,1576.0,1664.0,1424.2,1603.1818181818182,72.94655577887306,238.12734415566626,0.05121932016491578,129.79999999999995,5.2000000000000455,10.212765957446807,-1.3959390862944163,-6.610576923076923,9.113888498806343,-3.067762971363769,0.8809080128748172,4.408413435576195,591.0,590.3,606.3181818181819,11,4,4,2024
2024-11-03,2377,595.5,1410.0,1576.0,1587.0,1583.0,1639.090909090909,394.4129815307807,289.5778387158173,0.24915538946985516,794.0,4.333333333333371,68.58156028368795,50.8248730964467,49.779458097038436,50.15792798483891,45.01941209095952,0.7330138144911258,59.70321669006732,595.5,591.1666666666666,605.4318181818181,11,4,6,2024
2024-11-04,1690,596.0,1382.0,1546.0,2129.0,1634.3333333333333,1619.1363636363637,382.8956341702874,268.5749510453339,0.234282460230647,55.66666666666674,4.0,22.286541244573083,9.314359637774903,-20.620009394081727,3.4060779114827704,4.376631762162762,0.6756756756756757,15.800450441173993,595.5,592.0,604.5681818181819,11,4,0,2024
2024-11-06,1831,599.0,1395.0,1445.0,1939.0,1768.0,1601.4285714285713,377.8657168889493,262.7876655074515,0.21372495299148717,63.0,3.6000000000000227,31.25448028673835,26.71280276816609,-5.56988138215575,3.5633484162895925,14.335414808206965,0.6046355391333595,28.98364152745222,596.0,595.4,603.2619047619048,11,4,2,2024
2024-11-07,1947,599.5,1388.0,1417.0,1939.0,1879.8,1617.1363636363637,314.7518069844864,266.8278016953535,0.16743898658606576,67.20000000000005,2.3999999999999773,40.27377521613833,37.4029640084686,0.4125838060856112,3.574848388126399,20.39800995024875,0.4019427231619456,38.83836961230347,599.0,597.1,603.0909090909091,11,4,3,2024
2024-11-09,1963,599.5,1554.0,1410.0,1790.0,1961.6,1609.952380952381,256.70761578106567,271.9289385465377,0.13086644360780264,1.400000000000091,1.6000000000000227,26.319176319176318,39.21985815602837,9.664804469273742,0.071370309951065,21.92907214055429,0.267603278140161,32.769517237602344,599.5,597.9,601.8333333333334,11,4,5,2024
2024-11-10,1809,599.5,2377.0,1410.0,1790.0,1848.0,1619.0,111.57956802210458,268.7471816020529,0.06037855412451547,-39.0,0.7999999999999545,-23.895666806899456,28.297872340425535,1.0614525139664803,-2.1103896103896105,11.735639283508338,0.13362284950725814,2.2011027667630394,599.5,598.7,601.7272727272727,11,4,6,2024
2024-11-11,1558,593.5,1690.0,1382.0,1156.0,1821.6,1637.2727272727273,162.36625265121913,248.68533987430277,0.0891338672876697,-263.5999999999999,-4.7000000000000455,-7.8106508875739635,12.735166425470332,34.77508650519031,-14.470794905577511,-4.841754580788449,-0.7856904045469818,2.4622577689481844,599.5,598.2,600.3409090909091,11,4,0,2024
2024-11-12,1106,588.0,1690.0,1402.0,1156.0,1702.3333333333333,1614.1739130434783,326.24755426924884,267.0300718805594,0.191647280753426,-596.3333333333333,-8.5,-34.55621301775148,-21.112696148359486,-4.325259515570934,-35.03035049931466,-31.481980283359366,-1.4249790444258172,-27.834454583055482,593.5,596.5,599.804347826087,11,4,1,2024
2024-11-13,1630,585.0,1831.0,1395.0,1814.0,1668.8333333333333,1606.1739130434783,320.66519403681235,263.50429566515845,0.1921493223030934,-38.83333333333326,-9.166666666666629,-10.977607864554887,16.845878136200717,-10.143329658213892,-2.3269749325876314,1.4834064208759683,-1.542776998597469,2.934135135822915,588.0,594.1666666666666,598.1739130434783,11,4,2,2024
2024-11-14,1692,584.0,1947.0,1388.0,1766.0,1626.3333333333333,1602.9565217391305,292.04565853076224,261.9110671862181,0.1795730632490852,65.66666666666674,-7.583333333333371,-13.097072419106318,21.902017291066283,-4.190260475651189,4.037712646034028,5.554952804600191,-1.2818706860121207,4.402472435979982,585.0,591.5833333333334,597.1086956521739,11,4,3,2024
2024-11-15,1785,582.5,1947.0,1554.0,1676.0,1649.0,1607.695652173913,273.26177925205695,264.26836132692495,0.1657136320509745,136.0,-7.785714285714334,-8.320493066255779,14.864864864864865,6.5035799522673035,8.24742268041237,11.02847716147876,-1.31897386253631,3.272185899304543,584.0,590.2857142857143,596.1086956521739,11,4,4,2024
2024-11-18,1756,582.5,1558.0,1690.0,1576.0,1593.8,1616.5,279.1813030989002,272.16307261499907,0.17516708689854446,162.20000000000005,-1.8999999999999773,12.70860077021823,3.9053254437869818,11.421319796954315,10.176935625549005,8.629755644911846,-0.32511978097193317,8.306963107002606,582.5,584.4,594.7954545454545,11,4,0,2024
2024-11-19,1627,586.0,1106.0,1690.0,1576.0,1698.0,1616.9565217391305,71.82269836200659,265.9146271509063,0.0422984089293325,-71.0,2.0,47.10669077757685,-3.727810650887574,3.236040609137056,-4.181389870435806,0.6211347136326933,0.3424657534246575,21.689440063344637,582.5,584.0,594.4130434782609,11,4,1,2024
2024-11-20,1616,586.0,1630.0,1831.0,1546.0,1695.2,1620.0,75.3239669693504,265.46579988595545,0.04443367565440679,-79.20000000000005,1.7999999999999545,-0.8588957055214724,-11.74221736755871,4.527813712807244,-4.672015101462957,-0.24691358024691357,0.3081136597055725,-6.300556536540092,586.0,584.2,593.7173913043479,11,4,2,2024
2024-11-21,1576,586.0,1692.0,1947.0,1480.0,1672.0,1624.1739130434783,92.46891369535943,263.9146990590821,0.05530437421971258,-96.0,1.3999999999999773,-6.8557919621749415,-19.054956343091938,6.486486486486487,-5.741626794258373,-2.966056322946782,0.23947998631542547,-12.95537415263344,586.0,584.6,592.9565217391304,11,4,3,2024
2024-11-22,1537,589.0,1785.0,1947.0,1445.0,1622.4,1628.1739130434783,82.70006045946955,261.76405965086275,0.05097390314316417,-85.40000000000009,3.1000000000000227,-13.893557422969188,-21.05803800719055,6.366782006920416,-5.263806706114404,-5.599765007477035,0.529100529100533,-17.47579771507987,586.0,585.9,592.1086956521739,11,4,4,2024
2024-11-25,1529,587.5,1756.0,1558.0,1410.0,1577.0,1643.1818181818182,44.51404272811001,260.04901302925276,0.028227040410976546,-48.0,0.6000000000000227,-12.927107061503417,-1.8613607188703467,8.439716312056737,-3.0437539632213064,-6.948824343015218,0.10223206679162083,-7.394233890186882,589.0,586.9,590.4772727272727,11,4,0,2024
2024-11-26,1581,583.5,1627.0,1106.0,1410.0,1567.8,1640.4782608695652,35.42174473399102,254.40069853484889,0.022593280223237033,13.200000000000045,-2.8999999999999773,-2.8272894898586354,42.94755877034358,12.127659574468085,0.8419441255262179,-3.6256658980679033,-0.494542974079123,20.060134640242474,587.5,586.4,590.1739130434783,11,4,1,2024
2024-11-27,1509,580.0,1616.0,1630.0,1382.0,1546.4,1646.0,31.077322922028827,249.87342250172705,0.020096561641249885,-37.40000000000009,-5.2000000000000455,-6.621287128712872,-7.423312883435583,9.18958031837916,-2.418520434557688,-8.323207776427703,-0.8885850991114226,-7.022300006074227,583.5,585.2,589.695652173913,11,4,2,2024
2024-11-28,1419,578.0,1576.0,1692.0,1402.0,1515.0,1646.7391304347825,59.7662111899367,249.1429340379273,0.0394496443497932,-96.0,-5.600000000000023,-9.961928934010151,-16.134751773049647,1.2125534950071328,-6.336633663366337,-13.829702970297026,-0.9595613433858846,-13.048340353529898,580.0,583.6,589.4130434782609,11,4,3,2024
2024-11-29,1354,579.5,1537.0,1785.0,1395.0,1478.4,1644.9565217391305,90.86693568069842,251.16446590392843,0.06146302467579709,-124.40000000000009,-2.2000000000000455,-11.906310995445674,-24.14565826330532,-2.9390681003584227,-8.41450216450217,-17.687794047681983,-0.3782018222451513,-18.025984629375497,578.0,581.7,588.9782608695652,11,4,4,2024
2024-12-01,1460,579.5,1537.0,1785.0,1554.0,1475.3333333333333,1652.3636363636363,81.6202589230567,253.22125568167385,0.05532326632832583,-15.333333333333258,-1.8333333333333712,-5.009759271307742,-18.207282913165265,-6.048906048906049,-1.0393131495707133,-11.64172535211267,-0.3153669724770707,-11.608521092236504,579.5,581.3333333333334,588.1590909090909,12,4,6,2024
2024-12-02,1572,578.5,1529.0,1756.0,1554.0,1482.5,1648.8695652173913,88.84312016132783,247.9661458468985,0.059927905673745584,89.5,-1.3333333333333712,2.8122956180510137,-10.478359908883828,1.1583011583011582,6.0370994940978076,-4.6619554899272195,-0.2299511353837375,-3.833032145416407,579.5,579.8333333333334,587.7391304347826,12,4,0,2024
2024-12-03,2315,577.5,1581.0,1627.0,2377.0,1604.8333333333333,1646.1739130434783,355.81647891387297,239.89650271692085,0.22171553364661314,710.1666666666667,-1.3333333333333712,46.426312460468054,42.28641671788568,-2.6083298275136726,44.251739536815876,40.62912682901062,-0.23034840195796796,44.35636458917686,578.5,578.8333333333334,586.9565217391304,12,4,1,2024
2024-12-04,1729,581.0,1509.0,1616.0,1690.0,1641.5,1647.8695652173913,355.30085842845904,240.35774555816113,0.21644889334660922,87.5,2.0,14.579191517561298,6.992574257425743,2.307692307692308,5.330490405117271,4.923352945832566,0.3454231433506045,10.785882887493521,577.5,579.0,586.304347826087,12,4,2,2024
2024-12-06,1836,573.0,1354.0,1537.0,1831.0,1782.4,1648.0869565217392,330.75564998953485,240.53310357005506,0.18556757741782698,53.59999999999991,-4.899999999999977,35.59822747415066,19.45348080676643,0.2730748225013654,3.0071813285457756,11.401888883026427,-0.8478975601315066,27.525854140458545,581.0,577.9,585.1739130434783,12,4,4,2024
2024-12-07,1997,573.0,1354.0,1537.0,1947.0,1818.1666666666667,1650.2608695652175,308.5368157394939,243.56429380635961,0.16969666279557824,178.83333333333326,-4.083333333333371,47.488921713441655,29.92843201040989,2.5680534155110424,9.835915299294157,21.01117082938138,-0.7075812274368296,38.708676861925774,573.0,577.0833333333334,584.0217391304348,12,4,5,2024
2024-12-08,1655,573.0,1460.0,1537.0,1947.0,1850.6666666666667,1650.4583333333333,271.28484415216855,238.2125428681486,0.14658763192660404,-195.66666666666674,-3.0,13.356164383561644,7.677293428757319,-14.997431946584488,-10.572766570605191,0.2751760874504603,-0.5208333333333333,10.516728906159482,573.0,576.0,583.5625,12,4,6,2024
2024-12-09,1927,572.5,1572.0,1529.0,1963.0,1909.8333333333333,1648.9583333333333,234.5825370027921,236.26431020228532,0.12282880024581139,17.166666666666742,-2.5,22.58269720101781,26.03008502289078,-1.8339276617422313,0.8988567937865474,16.861655085281114,-0.43478260869565216,24.306391111954298,573.0,575.0,582.4375,12,4,0,2024
2024-12-11,1634,571.0,1729.0,1509.0,1558.0,1809.8,1645.304347826087,161.5044891016953,238.35695820699476,0.08923886015122959,-175.79999999999995,-1.5,-5.4945054945054945,8.28363154406892,4.878048780487805,-9.713780528235162,-0.6870672797420879,-0.26200873362445415,1.3945630247817125,572.5,572.5,580.7173913043479,12,4,2,2024
2024-12-12,1055,574.5,1729.0,1419.0,1106.0,1684.0,1643.0869565217392,340.32455098038366,243.77763955992037,0.20209296376507344,-629.0,1.6666666666666288,-38.98207056101793,-25.651867512332625,-4.61121157323689,-37.351543942992876,-35.79159059035221,0.2909514111143373,-32.316969036675275,571.0,572.8333333333334,580.1304347826087,12,4,3,2024
2024-12-13,1051,575.5,1836.0,1354.0,1630.0,1553.1666666666667,1617.9130434782608,413.27589654692724,273.298523603681,0.2660859941282931,-502.16666666666674,2.25,-42.75599128540305,-22.378138847858196,-35.52147239263804,-32.33179525700183,-35.03977211652155,0.39249890972525076,-32.56706506663062,574.5,573.25,579.7173913043479,12,4,4,2024
2024-12-16,1071,577.5,1927.0,1572.0,1785.0,1202.75,1582.090909090909,287.62982575989366,299.26113920325247,0.2391434843150228,-131.75,2.875,-44.42138038401661,-31.87022900763359,-40.0,-10.954063604240282,-32.30477503878642,0.5003262997607135,-38.1458046958251,575.5,574.625,579.2954545454545,12,4,0,2024
2024-12-17,1053,577.0,1927.0,2315.0,1785.0,1172.8,1559.0869565217392,257.94030317110224,312.5022055258122,0.21993545631915268,-119.79999999999995,1.8999999999999773,-45.355474831344054,-54.51403887688985,-41.008403361344534,-10.214870395634376,-32.46047017485151,0.330377325682486,-49.934756854116955,577.5,575.1,579.195652173913,12,4,1,2024
2024-12-18,1028,575.5,1634.0,1729.0,1756.0,1051.6,1527.4347826086957,15.388307249344814,328.12855381098086,0.014633232454683164,-23.59999999999991,-0.5,-37.086903304773564,-40.54366685945634,-41.45785876993166,-2.244199315329014,-32.69761748882753,-0.08680555555555555,-38.815285082114954,577.0,576.0,578.8913043478261,12,4,2,2024
2024-12-19,976,574.5,1055.0,1729.0,1627.0,1035.8,1499.1304347826087,36.75187070069023,346.7016407056403,0.03548162840383301,-59.799999999999955,-1.5,-7.488151658767772,-43.551185656448816,-40.012292562999384,-5.773315311836258,-34.895591647331784,-0.26041666666666663,-25.519668657608293,575.5,576.0,578.3913043478261,12,4,3,2024
2024-12-20,990,572.0,1051.0,1836.0,1616.0,1023.6,1471.9130434782608,40.38935503322954,361.3712411261334,0.03945814286169357,-33.60000000000002,-3.2999999999999545,-5.803996194100856,-46.07843137254902,-38.73762376237624,-3.282532239155923,-32.740591953683456,-0.5736137667303937,-25.941213783324937,574.5,575.3,577.7826086956521,12,4,4,2024
2024-12-23,994,573.5,1071.0,1927.0,1537.0,1008.2,1442.5,31.4992063392124,382.1779378646478,0.03124301362746717,-14.200000000000045,-1.0,-7.18954248366013,-48.41722885313959,-35.32856213402732,-1.4084507042253565,-31.091854419410748,-0.17406440382941687,-27.803385668399862,572.0,574.5,576.7045454545455,12,4,0,2024
2024-12-24,997,574.0,1053.0,1927.0,1537.0,997.0,1423.1304347826087,19.10497317455037,384.7726961050934,0.01916246055621903,0.0,0.10000000000002274,-5.318138651471985,-48.26154644525168,-35.13337670787248,0.0,-29.94317487474032,0.017424638438756357,-26.789842548361833,573.5,573.9,576.5869565217391,12,4,1,2024
2025-01-04,1587,587.0,997.0,990.0,1729.0,1587.0,1323.4,,394.05869758559334,,0.0,0.0,59.17753259779338,60.303030303030305,-8.212839791787161,0.0,19.918392020553114,0.0,59.74028145041184,574.0,587.0,574.9,1,1,5,2025
2025-01-05,1411,587.0,997.0,990.0,1836.0,1499.0,1295.0666666666666,124.45079348883236,369.0552546061061,0.08302254402190284,-88.0,0.0,41.524573721163485,42.525252525252526,-23.14814814814815,-5.870580386924616,8.951920107073,0.0,42.02491312320801,587.0,587.0,575.8333333333334,1,1,6,2025
2025-01-07,1458,587.0,997.0,997.0,1655.0,1485.3333333333333,1230.857142857143,91.12811494447436,310.50699413473717,0.061351962485059044,-27.333333333333258,0.0,46.238716148445334,46.238716148445334,-11.90332326283988,-1.8402154398563682,18.454038997214482,0.0,46.238716148445334,587.0,587.0,577.0357142857143,1,1,1,2025
2025-01-08,2018,592.5,997.0,997.0,1927.0,1618.5,1237.357142857143,276.53149308291574,326.72938864844974,0.1708566531250638,399.5,4.125,102.40722166499498,102.40722166499498,4.722366372599896,24.68334877973432,63.089534145355884,0.7010834926704907,102.40722166499498,587.0,588.375,578.4642857142857,1,1,2,2025
2025-01-09,2024,591.5,997.0,997.0,1927.0,1699.6,1289.8,300.39690411187667,374.6741822665924,0.17674564845368126,324.4000000000001,2.5,103.00902708124373,103.00902708124373,5.033731188375714,19.086843963285485,56.92355403938596,0.4244482173174873,103.00902708124373,592.5,589.0,579.3333333333334,1,1,3,2025
2025-01-10,1980,596.5,997.0,997.0,1634.0,1746.3333333333333,1312.8666666666666,292.05250669471525,406.66340357784935,0.16723754916666267,233.66666666666674,6.25,98.59578736208626,98.59578736208626,21.1750305997552,13.380416109944651,50.8150104097903,1.058873358746294,98.59578736208626,591.5,590.25,581.0333333333333,1,1,4,2025
2025-01-12,2583,596.5,1411.0,997.0,1051.0,2012.6,1440.7142857142858,398.17056646618187,523.6404269184094,0.19783889817459102,570.4000000000001,3.7000000000000455,83.06165839829907,159.07723169508526,145.76593720266413,28.34144887210574,79.28606841844322,0.6241565452091845,121.06944504669217,596.5,592.8,583.0,1,1,6,2025
2025-01-13,1093,608.5,1411.0,997.0,1051.0,1859.3333333333333,1417.5333333333333,517.4706432897104,512.5172981981958,0.2783097758818808,-766.3333333333333,13.083333333333371,-22.537207654145995,9.628886659979939,3.9961941008563278,-41.21548942273216,-22.894229412594647,2.1973407977606785,-6.454160497083028,596.5,595.4166666666666,584.7,1,1,0,2025
2025-01-14,1080,610.5,1458.0,997.0,1051.0,1796.3333333333333,1396.4375,593.5246133621306,502.2777410623172,0.33040895158404004,-716.3333333333333,11.166666666666629,-25.925925925925924,8.324974924774322,2.759276879162702,-39.87752829838559,-22.660341046412746,1.8631813125695154,-8.8004755005758,608.5,599.3333333333334,586.3125,1,1,1,2025
2025-01-15,1063,608.5,2018.0,997.0,1071.0,1637.1666666666667,1395.9375,647.7645920136935,502.62716052755997,0.39566197211464527,-574.1666666666667,6.5,-47.32408325074331,6.619859578736209,-0.7469654528478058,-35.07075231599308,-23.85045892097605,1.0797342192691028,-20.352111836003548,610.5,602.0,588.25,1,1,2,2025
2025-01-16,1023,616.5,2024.0,997.0,1053.0,1470.3333333333333,1394.0625,657.0472332082883,504.0456948531527,0.44686957597480503,-447.33333333333326,10.333333333333371,-49.45652173913043,2.6078234704112337,-2.849002849002849,-30.423940149625935,-26.617350369872227,1.7047016772064951,-23.4243491343596,608.5,606.1666666666666,590.71875,1,1,3,2025
2025-01-17,987,620.5,1980.0,997.0,1028.0,1304.8333333333333,1391.5,627.3858196251066,506.13068141208765,0.48081682433907774,-317.83333333333326,10.333333333333371,-50.15151515151515,-1.0030090270812437,-3.988326848249027,-24.358155575424696,-29.069349622709307,1.6935263589183347,-25.577262089298195,616.5,610.1666666666666,593.53125,1,1,4,2025
2025-01-20,957,619.0,1093.0,1411.0,990.0,1022.0,1417.0,51.224993899465964,513.2333081274305,0.05012230322844028,-65.0,4.0,-12.442817932296432,-32.175761871013464,-3.3333333333333335,-6.360078277886497,-32.462949894142554,0.6504065040650406,-22.30928990165495,620.5,615.0,597.9333333333333,1,1,0,2025
2025-01-21,928,615.5,1080.0,1458.0,990.0,991.6,1386.4375,53.261618450816464,510.6788904650986,0.05371280602139619,-63.60000000000002,-0.5,-14.074074074074074,-36.35116598079561,-6.262626262626263,-6.413876563130297,-33.0658612450976,-0.08116883116883117,-25.21262002743484,619.0,616.0,599.03125,1,1,1,2025
2025-01-22,893,613.0,1063.0,2018.0,994.0,957.6,1380.125,50.47573674549371,516.444882506027,0.052710669116012646,-64.60000000000002,-3.8999999999999773,-15.992474129821261,-55.74826560951437,-10.160965794768611,-6.746031746031749,-35.29571596775654,-0.6321932241854397,-35.87036986966781,615.5,616.9,601.5,1,1,2,2025
2025-01-23,824,614.5,1023.0,2024.0,997.0,917.8,1369.3125,62.9340925095486,526.70987823785,0.06857059545603465,-93.79999999999995,-2.0,-19.452590420332356,-59.28853754940712,-17.352056168505516,-10.220091523207667,-39.82381669633484,-0.32441200324412006,-39.37056398486973,613.0,616.5,604.03125,1,1,3,2025
2025-01-24,778,613.5,987.0,1980.0,997.0,876.0,1334.5294117647059,73.92902001244478,529.7659999526959,0.08439385846169495,-98.0,-1.6000000000000227,-21.17527862208713,-60.70707070707071,-21.965897693079235,-11.187214611872145,-41.70229646934367,-0.2601203056413628,-40.941174664578924,614.5,615.1,604.5882352941177,1,1,4,2025
2025-01-27,761,612.5,957.0,1093.0,997.0,836.8,1302.6666666666667,72.1851785341042,531.429481791935,0.08626335866886257,-75.79999999999995,-1.2999999999999545,-20.480668756530825,-30.37511436413541,-23.67101303911735,-9.058317399617586,-41.5813715455476,-0.2117953730856883,-25.427891560333116,613.5,613.8,605.0277777777778,1,1,0,2025
2025-01-28,746,613.0,928.0,1080.0,997.0,800.4,1273.3684210526317,59.46679745875449,532.0120310383855,0.07429634864911856,-54.39999999999998,-0.2999999999999545,-19.612068965517242,-30.925925925925924,-25.175526579739216,-6.796601699150422,-41.415226915764244,-0.048915701940315436,-25.26899744572158,612.5,613.3,605.4473684210526,1,1,1,2025
2025-01-29,726,611.0,893.0,1063.0,997.0,767.0,1246.0,37.17526059088973,532.0909103171213,0.04846839711980408,-41.0,-1.8999999999999773,-18.701007838745802,-31.702728127939793,-27.181544633901705,-5.345501955671447,-41.73354735152488,-0.31000163158753097,-25.201867983342797,613.0,612.9,605.725,1,1,2,2025
2025-01-30,715,610.0,824.0,1023.0,997.0,745.2,1220.7142857142858,25.528415540345986,531.4051319715606,0.03425713303857486,-30.200000000000045,-2.0,-13.228155339805825,-30.107526881720432,-28.284854563691077,-4.052603327965653,-41.4277355178467,-0.32679738562091504,-21.667841110763128,611.0,612.0,605.9285714285714,1,1,3,2025
2025-01-31,735,609.5,778.0,987.0,997.0,736.6,1198.6363636363637,17.78482499212704,528.8362376329404,0.02414448139034352,-1.6000000000000227,-1.7000000000000455,-5.526992287917738,-25.53191489361702,-26.278836509528585,-0.21721422753190642,-38.68031854379978,-0.2781413612565519,-15.529453590767378,610.0,611.2,606.0909090909091,1,1,4,2025
2025-02-01,1029,609.5,778.0,987.0,997.0,785.3333333333334,1191.2608695652175,120.42701800952767,517.8868090959363,0.15334509933301485,243.66666666666663,-1.4166666666666288,32.26221079691517,4.25531914893617,3.20962888665998,31.027164685908314,-13.620935070623021,-0.23189196562542008,18.25876497292567,609.5,610.9166666666666,606.2391304347826,2,1,5,2025
2025-02-04,1583,605.5,746.0,928.0,1411.0,957.6,1181.090909090909,373.58640232214077,527.6559944555222,0.3901278219738312,625.4,-3.6000000000000227,112.19839142091152,70.58189655172413,12.189936215450036,65.30910609857979,34.02863300492612,-0.5910359546872472,91.39014398631782,609.5,609.1,607.9545454545455,2,1,1,2025
2025-02-05,1421,605.5,726.0,893.0,1411.0,1096.6,1191.5217391304348,394.5767352493052,517.9457561599557,0.3598182885731399,324.4000000000001,-2.5,95.73002754820936,59.12653975363942,0.7087172218284904,29.582345431333223,19.259259259259263,-0.41118421052631576,77.42828365092439,605.5,608.0,607.8478260869565,2,1,2,2025
2025-02-06,1422,599.5,715.0,824.0,1458.0,1238.0,1189.9565217391305,347.51258969999947,517.1576582419123,0.2807048382067847,184.0,-6.399999999999977,98.88111888111888,72.57281553398059,-2.4691358024691357,14.862681744749596,19.50016441959881,-1.0562799141772532,85.72696720754973,605.5,605.9,608.3913043478261,2,1,3,2025
2025-02-07,1443,597.0,735.0,778.0,2018.0,1379.6,1164.9565217391305,207.2578104680256,488.40859182570443,0.1502303642128339,63.40000000000009,-6.399999999999977,96.3265306122449,85.47557840616966,-28.493557978196232,4.595534937663097,23.867283720235868,-1.0606562810739109,90.90105450920728,599.5,603.4,608.5869565217391,2,1,4,2025
2025-02-09,1986,597.0,1029.0,778.0,1980.0,1571.0,1126.1818181818182,241.58538863101768,462.22697334942734,0.15377809588225186,415.0,-3.8999999999999773,93.00291545189503,155.2699228791774,0.30303030303030304,26.41629535327817,76.34807878592184,-0.6490264603095319,124.13641916553621,597.0,600.9,609.3863636363636,2,1,6,2025
2025-02-10,1909,599.0,1029.0,761.0,1980.0,1627.3333333333333,1160.2173913043478,256.381486591108,480.1936121382057,0.15754700118257353,281.66666666666674,-1.5833333333333712,85.51992225461613,150.85413929040737,-3.585858585858586,17.30848013109382,64.53813003560055,-0.2636325794366651,118.18703077251175,597.0,600.5833333333334,608.9347826086956,2,1,0,2025
2025-02-12,2600,602.0,1421.0,726.0,1093.0,1872.0,1164.0454545454545,482.41320462856265,493.61219376702536,0.25769936144688177,728.0,3.1000000000000227,82.96973961998593,258.1267217630854,137.87740164684354,38.88888888888889,123.35897536022493,0.5176156286525334,170.54823069153568,599.0,598.9,609.2045454545455,2,1,2,2025
2025-02-13,780,593.5,1422.0,715.0,1080.0,1743.6,1150.409090909091,677.9419591675969,500.1451845491498,0.3888173658910283,-963.5999999999999,-4.2000000000000455,-45.14767932489451,9.090909090909092,-27.77777777777778,-55.26496902959395,-32.1980323205184,-0.7026936590262749,-18.02838511699271,602.0,597.7,608.4318181818181,2,1,3,2025
2025-02-14,792,595.5,1443.0,735.0,1063.0,1613.4,1138.090909090909,801.380558785899,505.7068517564473,0.49670296193498137,-821.4000000000001,-1.8999999999999773,-45.11434511434512,7.755102040816326,-25.493885230479773,-50.91111937523243,-30.409777138749096,-0.3180448610646095,-18.679621536764397,593.5,597.4,607.8409090909091,2,1,4,2025
2025-02-17,806,596.5,1909.0,1029.0,987.0,1244.5,1134.952380952381,903.7291260844332,521.753339825482,0.7261784862068568,-438.5,-0.375,-57.778941854374025,-21.671525753158406,-18.33839918946302,-35.23503415026114,-28.98380464882101,-0.06282722513089005,-39.725233803766216,595.5,596.875,606.2857142857143,2,1,0,2025
2025-02-18,841,594.5,1909.0,1583.0,987.0,1163.8,1121.590909090909,803.1856572424585,513.0214568139548,0.6901406231676049,-322.79999999999995,-1.8999999999999773,-55.94552121529597,-46.87302590018951,-14.792299898682879,-27.73672452311394,-25.017223910840926,-0.3185781354795401,-51.409273557742736,596.5,596.4,605.75,2,1,1,2025
2025-02-19,904,596.5,2600.0,1421.0,957.0,824.6,1119.1818181818182,49.927948085220244,513.9547540177895,0.060548081597405094,79.39999999999998,1.2000000000000455,-65.23076923076923,-36.382828993666436,-5.538140020898641,9.62891098714528,-19.22670782227277,0.2015790357802865,-50.80679911221783,594.5,595.3,604.7272727272727,2,1,2,2025
2025-02-20,941,598.0,780.0,1422.0,928.0,856.8,1119.7727272727273,63.927302461471164,513.731904495883,0.07461169755073666,84.20000000000005,1.7999999999999545,20.64102564102564,-33.82559774964838,1.4008620689655173,9.82726423902895,-15.965090318652322,0.30191211003018353,-6.592286054311371,596.5,596.2,603.9318181818181,2,1,3,2025
2025-02-21,981,596.0,792.0,1443.0,893.0,894.6,1123.7727272727273,71.46537623213342,512.2225085530658,0.07988528530307783,86.39999999999998,-0.2999999999999545,23.863636363636363,-32.016632016632016,9.854423292273236,9.657947686116696,-12.704768838733163,-0.05031024652020033,-4.076497826497826,598.0,596.3,603.1590909090909,2,1,4,2025
2025-02-24,1002,591.0,806.0,1909.0,778.0,933.8,1148.7142857142858,64.09134106882415,514.8860206741989,0.06863497651405456,68.20000000000005,-4.2000000000000455,24.317617866004962,-47.511786275536934,28.79177377892031,7.303491111587068,-12.772043278199233,-0.7056451612903302,-11.597084204765986,596.0,595.2,601.547619047619,2,1,0,2025
2025-02-25,1039,587.5,841.0,1909.0,778.0,973.4,1143.7272727272727,52.54807322823843,503.02145952691336,0.05398404892977032,65.60000000000002,-6.2999999999999545,23.543400713436384,-45.57359874279728,33.54755784061697,6.739264433942884,-9.156664812018125,-1.0609632873021144,-11.015099014680448,591.0,593.8,600.9090909090909,2,1,1,2025
2025-02-26,1112,582.0,904.0,2600.0,761.0,1015.0,1159.6818181818182,64.78039826984913,495.81912853893175,0.06382305248260998,97.0,-8.899999999999977,23.008849557522122,-57.230769230769226,46.12352168199737,9.556650246305418,-4.111629365421555,-1.506177018107967,-17.11095983662355,587.5,590.9,599.5227272727273,2,1,2,2025
2025-02-27,1159,576.0,941.0,780.0,746.0,1058.6,1178.4545454545455,75.06863526134089,487.15321998346406,0.07091312607343746,100.40000000000009,-10.5,23.16684378320935,48.58974358974359,55.36193029490617,9.484224447383346,-1.6508524261359288,-1.7902813299232736,35.87829368647647,582.0,586.5,597.8409090909091,2,1,3,2025
2025-02-28,1229,576.5,981.0,792.0,726.0,1108.2,1201.3181818181818,91.17949330852957,476.5962038858883,0.08227711000589205,120.79999999999995,-6.100000000000023,25.28032619775739,55.17676767676768,69.28374655647383,10.900559465800393,2.3042869575088023,-1.04703055269482,40.228546937262536,576.0,582.6,596.2727272727273,2,1,4,2025
2025-03-01,1072,576.5,981.0,792.0,715.0,1102.1666666666667,1217.5454545454545,82.88164251911772,465.1905628237287,0.07519882883936281,-30.166666666666742,-5.083333333333371,9.27624872579001,35.35353535353536,49.93006993006993,-2.7370331165885444,-11.954005823937875,-0.8740507235993761,22.314892039662684,576.5,581.5833333333334,594.75,3,1,5,2025
2025-03-02,738,576.5,981.0,792.0,735.0,1050.142857142857,1217.6818181818182,157.06625838737511,465.0427923334545,0.14956656355756032,-312.1428571428571,-4.35714285714289,-24.770642201834864,-6.8181818181818175,0.40816326530612246,-29.723847095633243,-39.393034454440254,-0.7501229709788546,-15.79441201000834,576.5,580.8571428571429,593.25,3,1,6,2025
2025-03-03,1276,573.5,1002.0,806.0,1029.0,1089.2857142857142,1228.909090909091,176.0622184396894,463.24876676945155,0.161630889059387,186.71428571428578,-4.85714285714289,27.345309381237527,58.31265508684863,24.00388726919339,17.140983606557384,3.8319277999704027,-0.8398172162529388,42.82898223404308,576.5,578.3571428571429,591.6136363636364,3,1,0,2025
2025-03-04,1540,565.0,1039.0,841.0,1029.0,1160.857142857143,1242.4347826086957,241.7798093110264,457.22272532471266,0.20827697085616353,379.1428571428571,-10.14285714285711,48.21944177093359,83.115338882283,49.65986394557823,32.66059561900074,23.95016797312429,-1.7635370094386433,65.6673903266083,573.5,575.1428571428571,590.4565217391304,3,1,1,2025
2025-03-06,1430,555.5,1159.0,941.0,1583.0,1214.1666666666667,1235.7826086956522,284.16221892902433,453.13734186544735,0.23403888998958763,215.83333333333326,-15.083333333333371,23.382226056945644,51.965993623804465,-9.665192672141504,17.776252573781736,15.716145375224283,-2.643493500803278,37.67410984037505,565.0,570.5833333333334,588.2826086956521,3,1,3,2025
2025-03-07,1434,552.0,1229.0,981.0,1421.0,1248.3333333333333,1236.3478260869565,298.27615839464397,453.3869116986094,0.23893951273269212,185.66666666666674,-14.5,16.680227827502033,46.17737003058104,0.9148486980999296,14.873164218958618,15.986777324518217,-2.559576345984113,31.428798929041534,555.5,566.5,585.9565217391304,3,1,4,2025
2025-03-09,1940,552.0,738.0,981.0,1443.0,1524.0,1250.5,250.87447060233126,484.810296723906,0.16461579435848508,416.0,-7.600000000000023,162.87262872628727,97.75739041794088,34.442134442134446,27.296587926509186,55.13794482207117,-1.3581129378127272,130.3150095721141,552.0,559.6,583.2954545454545,3,1,6,2025
2025-03-10,1901,552.0,1276.0,1002.0,1443.0,1649.0,1278.7826086956522,252.11703631448609,492.7019158331037,0.1528908649572384,252.0,-3.2999999999999545,48.98119122257053,89.72055888223552,31.73943173943174,15.281989084293512,48.65701074391404,-0.5942733657482361,69.35087505240303,552.0,555.3,581.9347826086956,3,1,0,2025
2025-03-11,1945,550.5,1540.0,1039.0,1986.0,1730.0,1277.0,272.57200883436263,490.0941467996439,0.15755607447072983,215.0,-1.8999999999999773,26.2987012987013,87.19923002887391,-2.0644511581067473,12.427745664739884,52.31010180109632,-0.3439536567704521,56.74896566378761,552.0,552.4,579.9130434782609,3,1,1,2025
2025-03-12,2845,552.0,1540.0,1112.0,1909.0,1915.8333333333333,1317.695652173913,516.3725076596028,576.2472192622783,0.2695289296178875,929.1666666666667,-0.33333333333337123,84.74025974025975,155.84532374100718,49.03090623363017,48.49934754240975,115.90721615468374,-0.06035003017502194,120.29279174063346,550.5,552.3333333333334,577.8695652173913,3,1,2,2025
2025-03-13,1650,553.0,1430.0,1159.0,1909.0,1952.5,1331.5416666666667,481.6159258164122,567.6482360824657,0.24666628722991663,-302.5,1.0833333333333712,15.384615384615385,42.36410698878343,-13.56731272917758,-15.492957746478872,23.91651281409393,0.19628567114601322,28.87436118669941,552.0,551.9166666666666,576.8333333333334,3,1,3,2025
2025-03-14,1669,551.5,1434.0,1229.0,2600.0,1991.6666666666667,1292.75,438.65597758000115,505.61802475437923,0.22024567911966583,-322.66666666666674,-0.33333333333337123,16.387726638772666,35.80146460537022,-35.80769230769231,-16.200836820083687,29.104621929994202,-0.06040471156750913,26.094595622071445,553.0,551.8333333333334,574.7291666666666,3,1,4,2025
2025-03-17,1658,551.5,1901.0,1276.0,792.0,1953.4,1352.695652173913,513.61882753653,496.21452790855335,0.26293581833548174,-295.4000000000001,-0.20000000000004547,-12.782745923198316,29.93730407523511,109.34343434343434,-15.122350773011165,22.570069426587818,-0.03625158600689604,8.577279076018398,551.5,551.7,572.0,3,1,0,2025
2025-03-18,1650,553.0,1945.0,1540.0,792.0,1894.4,1365.0833333333333,531.458653142462,489.0870747286881,0.28054194105915436,-244.4000000000001,0.7999999999999545,-15.167095115681233,7.142857142857142,108.33333333333333,-12.901182432432437,20.87174165191381,0.14487504527344341,-4.0121189864120455,551.5,552.2,571.2083333333334,3,1,1,2025
2025-03-19,1637,549.0,2845.0,1540.0,806.0,1652.8,1399.7083333333333,11.777096416349991,477.05313523818137,0.007125542362264032,-15.799999999999955,-2.6000000000000227,-42.46045694200352,6.298701298701298,103.1017369727047,-0.9559535333978676,16.952936623701373,-0.4713560551124044,-18.08087782165111,553.0,551.6,569.2291666666666,3,1,2,2025
2025-03-20,1635,549.0,1650.0,1430.0,841.0,1649.8,1432.7916666666667,14.307340773183768,463.97488492436605,0.00867216679184372,-14.799999999999955,-1.7999999999999545,-0.9090909090909091,14.335664335664337,94.41141498216409,-0.8970784337495427,14.112891499694646,-0.3267973856209068,6.713286713286714,549.0,550.8,567.3333333333334,3,1,3,2025
2025-03-21,1643,551.5,1669.0,1434.0,904.0,1644.6,1463.5833333333333,9.502631214564296,451.7157548596296,0.00577808051475392,-1.599999999999909,0.7000000000000455,-1.5578190533253444,14.574616457461644,81.74778761061947,-0.09728809436944601,12.258725730228328,0.12708787218591966,6.50839870206815,549.0,550.8,565.4583333333334,3,1,4,2025
2025-03-24,1652,552.5,1658.0,1901.0,981.0,1643.4,1515.4782608695652,7.569676347111078,434.8805342290947,0.004606107062864231,8.599999999999909,1.5,-0.3618817852834741,-13.098369279326672,68.39959225280326,0.5233053425824454,9.008492081707594,0.27223230490018147,-6.730125532305073,551.5,551.0,562.1521739130435,3,1,0,2025
2025-03-25,1642,555.5,1650.0,1945.0,981.0,1641.8,1520.75,6.6105975524164435,426.10493196333425,0.0040264329104741405,0.20000000000004547,4.0,-0.48484848484848486,-15.57840616966581,67.38022426095822,0.012181751735902392,7.9730396186092385,0.7252946509519492,-8.031627327257148,552.5,551.5,561.875,3,1,1,2025
2025-03-26,1634,556.5,1637.0,2845.0,1002.0,1641.2,1547.0833333333333,7.259476565153617,411.945850880878,0.0044232735590748334,-7.2000000000000455,3.5,-0.1832620647525962,-42.56590509666081,63.07385229540918,-0.4387033877650527,5.618098572582822,0.6329113924050633,-21.374583580706705,555.5,553.0,560.4375,3,1,2,2025
2025-03-27,1621,558.0,1635.0,1650.0,1039.0,1638.4,1571.3333333333333,11.63185281887701,397.6172145108433,0.007099519542771612,-17.40000000000009,3.2000000000000455,-0.8562691131498471,-1.7575757575757573,56.015399422521654,-1.0620117187500056,3.1607976240984352,0.576784426820484,-1.3069224353628022,556.5,554.8,559.2083333333334,3,1,3,2025
2025-03-28,1602,560.0,1643.0,1669.0,1112.0,1630.2,1591.75,19.42163741809695,385.3985232705624,0.011913653182491074,-28.200000000000045,3.5,-2.495435179549604,-4.014379868184541,44.064748201438846,-1.7298490982701538,0.64394534317575,0.628930817610063,-3.2549075238670726,558.0,556.5,558.2916666666666,3,1,4,2025
2025-03-31,1598,560.5,1652.0,1658.0,1072.0,1619.4,1651.8181818181818,19.282116066449564,361.73492483330375,0.011906950763523258,-21.40000000000009,2.3999999999999773,-3.2687651331719128,-3.618817852834741,49.06716417910448,-1.3214770902803563,-3.2581177765547573,0.43003046049094734,-3.443791493003327,560.0,558.1,555.9318181818181,3,1,0,2025
2025-04-02,753,567.0,1634.0,1637.0,1276.0,1393.5,1670.4285714285713,427.1178603929681,358.62188603438204,0.30650725539502555,-640.5,5.625,-53.916768665850675,-54.00122174709835,-40.98746081504702,-45.96340150699677,-54.921748054391514,1.002004008016032,-53.95899520647451,560.5,561.375,554.6428571428571,4,2,2,2025
2025-04-03,1262,562.0,1621.0,1635.0,1540.0,1303.75,1657.1904761904761,400.25189984974935,368.66754929714386,0.3070004984465959,-41.75,-0.375,-22.146822948797038,-22.813455657492355,-18.051948051948052,-3.2023010546500483,-23.84701589034798,-0.06668148477439431,-22.480139303144696,567.0,562.375,554.5,4,2,3,2025
2025-04-04,1489,548.5,1602.0,1643.0,1540.0,1275.5,1649.5454545454545,375.40067483512485,361.56521209513875,0.2943164836026067,213.5,-11.0,-7.053682896379526,-9.373097991479002,-3.3116883116883113,16.738533908271265,-9.732708735188755,-1.966041108132261,-8.213390443929264,562.0,559.5,554.2272727272727,4,2,4,2025
2025-04-06,1489,548.5,1602.0,1643.0,1434.0,1318.2,1662.6190476190477,338.83727657977704,365.5709884810989,0.2570454229857207,170.79999999999995,-8.799999999999955,-7.053682896379526,-9.373097991479002,3.8354253835425385,12.957062661204668,-10.442503222110846,-1.5790418087206093,-8.213390443929264,548.5,557.3,554.0,4,2,6,2025
2025-04-07,1436,530.0,1598.0,1652.0,1434.0,1285.8,1652.3181818181818,312.08284156614627,360.01751099787947,0.24271491800135814,150.20000000000005,-21.200000000000045,-10.137672090112641,-13.075060532687651,0.1394700139470014,11.681443459324937,-13.091799400291599,-3.846153846153854,-11.606366311400146,548.5,551.2,552.9090909090909,4,2,0,2025
2025-04-08,1970,524.0,1598.0,1642.0,1940.0,1399.8333333333333,1653.6818181818182,394.8900690909647,361.2138775960379,0.2820979181504689,570.1666666666667,-22.66666666666663,23.27909887359199,19.97563946406821,1.5463917525773196,40.731039409453516,19.128116324455068,-4.146341463414627,21.6273691688301,530.0,546.6666666666666,551.6363636363636,4,2,1,2025
2025-04-09,1963,515.0,753.0,1634.0,1901.0,1601.5,1656.5,294.76685702432695,363.4701468058246,0.18405673245352916,361.5,-23.0,160.69057104913676,20.134638922888616,3.2614413466596526,22.57258819856385,18.502867491699366,-4.275092936802974,90.4126049860127,524.0,538.0,549.9545454545455,4,2,2,2025
2025-04-11,1958,521.0,1489.0,1602.0,2845.0,1763.2,1600.5238095238096,275.17212794903446,255.3095413508115,0.1560640471580277,194.79999999999995,-6.7000000000000455,31.497649429147078,22.22222222222222,-31.17750439367311,11.048094373865695,22.33494986760286,-1.2696607921167415,26.85993582568465,515.0,527.7,548.452380952381,4,2,4,2025
2025-04-12,2814,521.0,1489.0,1602.0,1650.0,1938.3333333333333,1655.952380952381,494.57645179149637,368.05006129472076,0.25515552113060863,875.6666666666667,-5.583333333333371,88.98589657488247,75.65543071161048,70.54545454545455,45.176268271711095,69.93242271746945,-1.0602943503719016,82.32066364324648,521.0,526.5833333333334,546.9285714285714,4,2,5,2025
2025-04-14,1282,523.0,1436.0,1598.0,1669.0,1997.4,1637.5238095238096,543.6265262107796,376.94530359823017,0.27216708030979253,-715.4000000000001,2.2000000000000455,-10.724233983286908,-19.774718397997496,-23.187537447573398,-35.81656152998899,-21.71106199837153,0.42242703533026993,-15.249476190642202,521.0,520.8,545.5714285714286,4,2,0,2025
2025-04-15,1263,524.0,1970.0,1598.0,1669.0,1856.0,1620.5,636.5418289476346,376.4272838145502,0.3429643474933376,-593.0,3.2000000000000455,-35.888324873096444,-20.963704630788484,-24.325943678849608,-31.950431034482758,-22.061092255476705,0.6144393241167523,-28.426014751942464,523.0,520.8,544.5909090909091,4,2,1,2025
2025-04-16,1241,521.0,1963.0,753.0,1658.0,1711.6,1601.5454545454545,686.1598210329716,384.85355622659847,0.4008879533962209,-470.5999999999999,-1.0,-36.78043810494142,64.8074369189907,-25.15078407720145,-27.494741762093945,-22.512346029403414,-0.19157088122605362,14.013499407024643,524.0,522.0,543.2045454545455,4,2,2,2025
2025-04-17,1261,523.5,1963.0,1262.0,1650.0,1636.5,1583.8636363636363,640.6967301305664,391.4017903278691,0.3915042652799061,-375.5,1.25,-35.76158940397351,-0.07923930269413629,-23.575757575757574,-22.945310113046137,-20.384560195149945,0.23934897079942558,-17.920414353333822,521.0,522.25,541.8636363636364,4,2,3,2025
2025-04-22,1261,526.5,1263.0,1970.0,1643.0,1254.3333333333333,1559.55,11.547005383803233,416.79131153182726,0.009205691244063167,6.6666666666667425,2.8333333333333712,-0.1583531274742676,-35.98984771573604,-23.25015216068168,0.5314908317831578,-19.143342630887112,0.5410566518141384,-18.074100421605156,523.5,523.6666666666666,539.9,4,2,1,2025
2025-04-23,1300,529.0,1241.0,1963.0,1652.0,1274.0,1541.95,22.516660498400075,420.1007993076744,0.017673987832339148,26.0,2.6666666666666288,4.754230459307011,-33.77483443708609,-21.307506053268767,2.0408163265306123,-15.691170271409582,0.5066497783407147,-14.510301988889541,526.5,526.3333333333334,538.725,4,2,2,2025
2025-04-24,1353,526.0,1261.0,1963.0,1642.0,1304.6666666666667,1527.5,46.177194948735135,421.4464441220941,0.035393864293869544,48.33333333333326,-1.1666666666666288,7.295796986518637,-31.074885379521138,-17.600487210718637,3.7046499744506836,-11.423895253682488,-0.2213088839709065,-11.889544196501252,529.0,527.1666666666666,537.25,4,2,3,2025
2025-04-25,1373,526.5,1261.0,1958.0,1634.0,1321.75,1514.45,50.88139804159032,422.01564887422865,0.03849547799628547,51.25,-0.5,8.881839809674862,-29.877425944841672,-15.973072215422276,3.877435218460375,-9.3400244313117,-0.09487666034155598,-10.497793067583405,526.0,527.0,535.75,4,2,4,2025
2025-04-28,1403,529.0,1261.0,1282.0,1602.0,1338.0,1498.3684210526317,57.11392124517496,432.84179949701274,0.04268603979460012,65.0,1.6000000000000227,11.2609040444092,9.438377535101404,-12.421972534332085,4.857997010463378,-6.364817872071383,0.3033750474023555,10.349640789755302,526.5,527.4,532.9473684210526,4,2,0,2025
2025-04-29,1398,524.5,1261.0,1263.0,1602.0,1365.4,1493.35,41.72888687707858,421.8946332663485,0.030561657299749946,32.59999999999991,-2.5,10.864393338620143,10.688836104513063,-12.734082397003746,2.387578731507244,-6.384973381993499,-0.47438330170777987,10.776614721566602,529.0,527.0,532.525,4,2,1,2025
2025-04-30,1386,521.0,1300.0,1241.0,1598.0,1382.6,1482.75,20.206434618705146,421.79015423611486,0.014614808779621834,3.400000000000091,-4.399999999999977,6.615384615384616,11.68412570507655,-13.266583229036296,0.24591349631130416,-6.525037936267071,-0.8374571754853403,9.149755160230583,524.5,525.4,530.55,4,2,2,2025
2025-05-02,771,517.5,1373.0,1261.0,753.0,1239.5,1483.65,312.4147883823686,420.1671691124846,0.2520490426642748,-468.5,-5.5,-43.84559359067735,-38.85804916732752,2.3904382470119523,-37.79749899152884,-48.033565867960775,-1.0516252390057361,-41.35182137900244,521.0,523.0,528.075,5,2,4,2025
2025-05-03,1228,517.5,1373.0,1261.0,1262.0,1237.2,1481.95,270.608019097735,421.1787312818749,0.2187261712720134,-9.200000000000045,-4.399999999999977,-10.56081573197378,-2.6169706582077716,-2.694136291600634,-0.7436146136437153,-17.1362056749553,-0.8430733857060696,-6.588893195090775,517.5,521.9,525.85,5,2,5,2025
2025-05-06,1626,515.0,1398.0,1261.0,1489.0,1252.75,1488.7894736842106,360.44729156979406,433.98676105605927,0.28772483861089126,373.25,-2.75,16.30901287553648,28.945281522601114,9.200805910006716,29.794452205148676,9.216247746314554,-0.5311443746982134,22.627147199068798,517.5,517.75,522.8947368421053,5,2,1,2025
2025-05-08,1921,519.5,1386.0,1353.0,1970.0,1386.5,1489.0,499.00334000218203,443.4262323424393,0.3599014352702359,534.5,2.125,38.6002886002886,41.980783444198075,-2.487309644670051,38.55030652722683,29.012760241773,0.41072722879922685,40.29053602224334,515.0,517.375,522.25,5,2,3,2025
2025-05-09,1979,526.0,771.0,1373.0,1963.0,1688.5,1489.888888888889,343.7116039162284,444.4471633903752,0.20356032212983619,290.5,6.5,156.67963683527887,44.13692643845594,0.815078960774325,17.204619484749777,32.82869714370945,1.2512030798845042,100.4082816368674,519.5,519.5,522.8611111111111,5,2,4,2025
2025-05-11,2003,526.0,1228.0,1373.0,1958.0,1882.25,1492.388888888889,174.26679737306821,447.3522284954759,0.09258429930831091,120.75,4.375,63.11074918566775,45.884923525127455,2.29826353421859,6.415194580953646,34.21434687116107,0.8387251377905584,54.4978363553976,526.0,521.625,523.1388888888889,5,2,6,2025
2025-05-12,2727,531.0,1228.0,1403.0,2814.0,2051.2,1487.5555555555557,406.81347077008076,432.4551282023326,0.19832950018042161,675.8000000000002,7.5,122.06840390879479,94.36920883820385,-3.091684434968017,32.946567862714524,83.32088437406632,1.4326647564469914,108.21880637349932,526.0,523.5,523.6944444444445,5,2,0,2025
2025-05-13,1280,532.0,1626.0,1398.0,2814.0,1982.0,1476.6315789473683,512.8352561983229,422.9597052683635,0.2587463452060156,-702.0,5.100000000000023,-21.27921279212792,-8.44062947067239,-54.51314854299929,-35.418768920282545,-13.316224693470197,0.9679256025811394,-14.859921131400156,531.0,526.9,524.1315789473684,5,2,1,2025
2025-05-14,1267,540.0,1626.0,1386.0,1282.0,1862.8333333333333,1475.842105263158,543.6949205819992,423.3569892547852,0.29186450062556996,-595.8333333333333,10.916666666666629,-22.07872078720787,-8.585858585858585,-1.1700468018720749,-31.9853270108258,-14.150707892015266,2.063317057804371,-15.332289686533228,532.0,529.0833333333334,525.0263157894736,5,2,2,2025
2025-05-15,1305,540.0,1921.0,1386.0,1263.0,1760.1666666666667,1478.0526315789473,586.9536324673921,422.2922202672514,0.33346480397730827,-455.16666666666674,7.5,-32.06663196251952,-5.844155844155844,3.32541567695962,-25.859293627497397,-11.708150838585617,1.4084507042253522,-18.955393903337683,540.0,532.5,525.8684210526316,5,2,3,2025
2025-05-16,1388,539.0,1979.0,771.0,1241.0,1661.6666666666667,1485.7894736842106,592.4490414091887,419.0419733613755,0.3565390419714275,-273.66666666666674,4.333333333333371,-29.86356745831228,80.02594033722438,11.84528605962933,-16.469408224674027,-6.581650726177831,0.8104738154613538,25.081186439456054,540.0,534.6666666666666,526.8157894736842,5,2,4,2025
2025-05-19,1347,537.0,2727.0,1228.0,1261.0,1317.4,1490.3157894736842,49.88286278873906,416.93818521742156,0.03786462941304012,29.59999999999991,-0.6000000000000227,-50.605060506050606,9.690553745928339,6.819984139571768,2.2468498557765226,-9.616471253001833,-0.11160714285714708,-20.457253380061132,539.0,537.6,527.5263157894736,5,2,0,2025
2025-05-20,1340,538.5,1280.0,1626.0,1261.0,1329.4,1482.8,45.67603310271327,407.20738283039293,0.03435838205409453,10.599999999999909,-0.39999999999997726,4.6875,-17.589175891758916,6.26486915146709,0.7973521889574176,-9.630428918262742,-0.07422527370569257,-6.450837945879458,537.0,538.9,528.075,5,2,1,2025
2025-05-21,1337,540.0,1267.0,1626.0,1261.0,1343.4,1475.857142857143,29.70353514314662,398.1698488979644,0.022110715455669658,-6.400000000000091,1.1000000000000227,5.524861878453039,-17.77367773677737,6.026962727993656,-0.4764031561709164,-9.408576130093895,0.2041195026906704,-6.124407929162166,538.5,538.9,528.6428571428571,5,2,2,2025
2025-05-22,1341,536.5,1305.0,1921.0,1261.0,1350.6,1479.6666666666667,21.22027332529297,396.39012769408447,0.01571173798703759,-9.599999999999909,-1.7000000000000455,2.7586206896551726,-30.19260801665799,6.3441712926249005,-0.7107952021323789,-9.371480063077273,-0.3158677071720634,-13.716993663501409,540.0,538.2,529.1190476190476,5,2,3,2025
2025-05-23,1340,532.0,1388.0,1979.0,1300.0,1341.0,1481.5714285714287,3.674234614195061,395.5788886465713,0.002739921412524281,-1.0,-4.7999999999999545,-3.45821325648415,-32.289034866093985,3.076923076923077,-0.07457121551081282,-9.555491273744101,-0.8941877794336728,-17.873624061289068,536.5,536.8,529.2619047619048,5,2,4,2025
2025-05-27,1296,531.0,1340.0,1280.0,1373.0,1328.5,1484.15,21.73323108360898,406.24328658420444,0.01635922550516295,-32.5,-3.875,-3.2835820895522385,1.25,-5.608157319737801,-2.446368084305608,-12.67729003133107,-0.7244683337228325,-1.0167910447761193,532.0,534.875,529.65,5,2,1,2025
2025-05-28,1303,532.0,1337.0,1267.0,1403.0,1320.0,1479.15,23.846732830031257,407.9066295380008,0.018065706689417618,-17.0,-0.875,-2.543006731488407,2.841357537490134,-7.127583749109053,-1.2878787878787878,-11.908866578778358,-0.16420361247947454,0.14917540300086363,531.0,532.875,529.8,5,2,2,2025
2025-05-29,1353,532.0,1341.0,1305.0,1398.0,1323.0,1476.9,27.796882319189805,408.50148489068425,0.021010493060612097,30.0,0.25,0.8948545861297539,3.67816091954023,-3.2188841201716736,2.2675736961451247,-8.38919358114971,0.04701457451810061,2.286507752834992,532.0,531.75,530.175,5,2,3,2025
2025-05-30,1418,528.0,1340.0,1388.0,1386.0,1342.5,1478.5,56.37079622168613,408.1892620883231,0.0419894199044217,75.5,-2.75,5.820895522388059,2.161383285302594,2.3088023088023086,5.623836126629423,-4.091985120054109,-0.5181347150259068,3.9911394038453265,532.0,530.75,530.525,5,2,4,2025
2025-06-01,1043,528.0,1340.0,1388.0,771.0,1282.6,1492.1,142.55981200885543,387.3768598909163,0.11114908155999956,-239.5999999999999,-2.2000000000000455,-22.164179104477615,-24.855907780979827,35.27885862516213,-18.680804615624506,-30.09851886602774,-0.4149377593361081,-23.510043442728723,528.0,530.2,531.05,6,2,6,2025
2025-06-02,793,531.5,1340.0,1347.0,1228.0,1201.0,1470.35,237.0864821114865,414.26450678153265,0.19740756212446836,-408.0,1.0833333333333712,-40.820895522388064,-41.12843355605048,-35.42345276872964,-33.97169025811824,-46.06726289658924,0.20424194815397417,-40.974664539219276,528.0,530.4166666666666,531.75,6,2,0,2025
2025-06-03,1286,531.0,1296.0,1340.0,1228.0,1199.3333333333333,1461.5714285714287,236.31899345305888,405.77414548348975,0.19704196230104967,86.66666666666674,0.5833333333333712,-0.7716049382716049,-4.029850746268656,4.723127035830619,7.22623679822124,-12.012510995992578,0.109976433621374,-2.400727842270131,531.5,530.4166666666666,531.7142857142857,6,2,1,2025
2025-06-05,1406,534.0,1353.0,1341.0,1626.0,1189.2,1451.095238095238,267.89494209484485,404.15342442714694,0.22527324427753517,216.79999999999995,3.5,3.917220990391722,4.847129008202834,-13.530135301353013,18.23074335687857,-3.107669084107241,0.6597549481621112,4.382174999297278,531.0,530.5,532.6190476190476,6,2,3,2025
2025-06-06,1633,532.0,1418.0,1340.0,1626.0,1232.2,1459.3636363636363,324.97492210938407,396.3154762433028,0.26373553165832175,400.79999999999995,0.7000000000000455,15.162200282087445,21.865671641791046,0.43050430504305043,32.527187144943994,11.89808758487511,0.13175230566535773,18.513935961939247,534.0,531.3,532.5909090909091,6,2,4,2025
2025-06-08,1994,532.0,1043.0,1340.0,1979.0,1422.4,1438.095238095238,443.3106134529153,393.1661105387767,0.3116638171069427,571.5999999999999,-0.10000000000002274,91.17929050814956,48.80597014925373,0.7579585649317837,40.185601799775014,38.65562913907285,-0.018793459875967436,69.99263032870165,532.0,532.1,533.5,6,2,6,2025
2025-06-10,1932,534.5,1286.0,1296.0,2003.0,1741.25,1434.7142857142858,273.4829367011156,388.341105583369,0.15706127018010946,190.75,1.375,50.233281493001556,49.074074074074076,-3.544682975536695,10.954773869346733,34.660957881111216,0.2579132473622509,49.653677783537816,532.0,533.125,533.9047619047619,6,2,1,2025
2025-06-11,2063,534.5,1286.0,1303.0,2727.0,1805.6,1403.095238095238,277.1268662544282,293.25090021377497,0.1534818709871667,257.4000000000001,1.1000000000000227,60.4199066874028,58.32693783576362,-24.34910157682435,14.25564909171467,47.032071949770916,0.20622422197225776,59.373422261583215,534.5,533.4,534.0714285714286,6,2,2,2025
2025-06-13,1968,534.5,1633.0,1418.0,1267.0,1989.25,1444.3,55.34964618977041,322.11539285757294,0.027824379132723596,-21.25,0.625,20.514390691977955,38.787023977433,55.327545382794,-1.0682417996732438,36.25977982413626,0.11706860220088973,29.65070733470548,534.5,533.875,533.9,6,2,4,2025
2025-06-16,1975,534.5,1994.0,793.0,1388.0,1984.5,1482.5263157894738,55.620739537209545,349.81842407820744,0.028027583541047892,-9.5,0.0,-0.9528585757271816,149.05422446406052,42.29106628242075,-0.47871000251952633,33.21854586765123,0.0,74.05068294416667,534.5,534.5,533.3421052631579,6,2,0,2025
2025-06-17,1952,571.0,1932.0,1286.0,1388.0,1989.5,1506.0,49.936626504661874,356.30398021322856,0.025100088718100967,-37.5,27.375,1.0351966873706004,51.788491446345255,40.63400576368876,-1.8848957024377986,29.61487383798141,5.035640377098184,26.411844066857928,534.5,543.625,535.225,6,2,1,2025
2025-06-18,1874,581.5,2063.0,1286.0,1347.0,1942.25,1532.35,46.50716790631483,363.34372228829716,0.023944995704113695,-68.25,26.125,-9.161415414444983,45.72317262830482,39.12397921306607,-3.513965761359248,22.29582014552812,4.704028809363043,18.28087860692992,571.0,555.375,537.45,6,2,2,2025
2025-06-19,1751,588.0,2063.0,1406.0,1340.0,1904.0,1552.9,94.53835200594338,363.5148444083992,0.04965249580144085,-153.0,26.100000000000023,-15.12360639844886,24.537695590327168,30.671641791044774,-8.035714285714286,12.756777641831404,4.644954618259481,4.707044595939154,581.5,561.9,539.925,6,2,3,2025
2025-06-20,1689,589.0,1968.0,1633.0,1337.0,1848.2,1570.5,124.81065659630073,361.0243467515287,0.06753092554718143,-159.20000000000005,16.200000000000045,-14.176829268292682,3.4292712798530314,26.327599102468213,-8.613786386754683,7.545367717287488,2.8282122905028015,-5.373778994219825,588.0,572.8,542.375,6,2,4,2025
2025-06-23,1674,588.0,1975.0,1994.0,1340.0,1788.0,1600.157894736842,120.89044627264704,362.44789099153303,0.06761210641646927,-114.0,4.5,-15.240506329113924,-16.0481444332999,24.925373134328357,-6.375838926174497,4.614676183271389,0.7712082262210797,-15.644325381206912,589.0,583.5,545.6315789473684,6,2,0,2025
2025-06-24,1681,562.5,1952.0,1932.0,1340.0,1733.8,1604.2,84.1468953675643,353.2437059445977,0.04853321915305358,-52.799999999999955,-19.299999999999955,-13.883196721311474,-12.991718426501034,25.44776119402985,-3.0453339485523103,4.787432988405433,-3.3172911653489097,-13.437457573906254,588.0,581.8,546.475,6,2,1,2025
2025-06-25,1665,557.5,1874.0,2063.0,1340.0,1692.0,1607.095238095238,34.14674215792562,344.55491648819964,0.020181289691445402,-27.0,-19.5,-11.152614727854857,-19.292292777508482,24.253731343283583,-1.5957446808510638,3.603069720584315,-3.3795493934142113,-15.22245375268167,562.5,577.0,547.0,6,2,2,2025
2025-06-26,1553,556.0,1751.0,2063.0,1296.0,1652.4,1619.3333333333333,56.265442324751085,337.44352613931284,0.034050739726913026,-99.40000000000009,-14.600000000000023,-11.307824100513992,-24.721279689772178,19.830246913580247,-6.015492616799811,-4.09633594071634,-2.5587101296880514,-18.014551895143086,557.5,570.6,548.1904761904761,6,2,3,2025
2025-06-27,1521,554.0,1689.0,1968.0,1303.0,1618.8,1629.7142857142858,75.7377052728687,330.5073588979738,0.04678632645964214,-97.79999999999995,-9.600000000000023,-9.946714031971581,-22.713414634146343,16.730621642363776,-6.041512231282429,-6.670757363253861,-1.7033356990773636,-16.330064333058964,556.0,563.6,549.2380952380952,6,2,4,2025
2025-06-30,1489,553.0,1674.0,1975.0,1418.0,1581.8,1647.1,86.45923895108005,330.634461858441,0.054658767828473925,-92.79999999999995,-3.6000000000000227,-11.051373954599761,-24.60759493670886,5.007052186177715,-5.866734100391955,-9.59868860421346,-0.6467840459935362,-17.82948444565431,554.0,556.6,551.35,6,2,0,2025
2025-07-01,1015,553.0,1681.0,1952.0,1043.0,1448.6,1645.7,251.3022085060139,333.37494301698615,0.17347936525335766,-433.5999999999999,-1.7000000000000455,-39.6192742415229,-48.00204918032787,-2.684563758389262,-29.93234847438906,-38.3241173968524,-0.3064719668289247,-43.81066171092539,553.0,554.7,552.6,7,3,1,2025
2025-07-02,815,552.0,1665.0,1874.0,793.0,1278.6,1646.8,340.1217429098002,330.4366489168056,0.2660110612465198,-463.5999999999999,-1.6000000000000227,-51.051051051051054,-56.51013874066169,2.7742749054224465,-36.25840763334897,-50.510080155453,-0.28901734104046656,-53.78059489585637,553.0,553.6,553.625,7,3,2,2025
2025-07-03,1400,555.5,1553.0,1751.0,1286.0,1248.0,1652.5,315.2348331006589,324.82084130697075,0.25259201370245105,152.0,2.0,-9.851899549259498,-20.045688178183894,8.864696734059098,12.179487179487179,-15.279878971255673,0.36133694670280037,-14.948793863721697,552.0,553.5,554.85,7,3,3,2025
2025-07-04,1401,555.5,1521.0,1689.0,1286.0,1224.0,1640.5238095238096,293.0409527694044,321.3178518301803,0.23941254311225849,177.0,1.7000000000000455,-7.889546351084813,-17.05150976909414,8.942457231726284,14.460784313725492,-14.600447011697778,0.30697002527989264,-12.470528060089476,555.5,553.8,554.8809523809524,7,3,4,2025
2025-07-05,1374,555.5,1521.0,1689.0,1406.0,1249.0,1639.0,269.1624045070191,322.5591418639376,0.21550232546598808,125.0,1.4166666666666288,-9.664694280078894,-18.650088809946713,-2.275960170697013,10.0080064051241,-16.168395363026235,0.2556775454955564,-14.157391545012803,555.5,554.0833333333334,555.9047619047619,7,3,5,2025
2025-07-07,1436,553.0,1489.0,1674.0,1633.0,1240.1666666666667,1629.6190476190477,260.43918036015026,325.5927634623463,0.21000337080512047,195.83333333333326,-1.0833333333333712,-3.5594358629952985,-14.217443249701315,-12.063686466625843,15.790888321462162,-11.881245982116772,-0.19551812302602578,-8.888439556348306,555.5,554.0833333333334,556.9047619047619,7,3,0,2025
2025-07-08,2008,555.5,1015.0,1681.0,1994.0,1405.6666666666667,1630.2857142857142,377.80135874116013,326.38951313685624,0.26877023386850374,602.3333333333333,1.0,97.83251231527093,19.452706722189173,0.7021063189568706,42.85036755987669,23.16859446196986,0.18034265103697023,58.642609518730055,553.0,554.5,558.0238095238095,7,3,1,2025
2025-07-10,1947,557.5,1400.0,1553.0,1932.0,1633.2,1631.0,315.8064280536417,327.0984561259802,0.19336665935197261,313.79999999999995,2.1000000000000227,39.07142857142858,25.370251126851258,0.7763975155279503,19.213813372520203,19.374616799509504,0.3781058696435043,32.22083984913992,555.5,555.4,559.1190476190476,7,3,3,2025
2025-07-11,2104,554.0,1401.0,1521.0,2063.0,1773.8,1632.952380952381,341.99005833503384,329.9161220962798,0.19280079960256727,330.20000000000005,-1.1000000000000227,50.17844396859387,38.33004602235371,1.9873969946679595,18.61540196188973,28.846378164003266,-0.19816249324446453,44.25424499547379,557.5,555.1,560.047619047619,7,3,4,2025
2025-07-14,1783,557.5,1436.0,1489.0,1968.0,1960.5,1624.142857142857,134.8295219898059,322.9179904734766,0.06877302830390507,-177.5,1.375,24.16434540389972,19.744795164539962,-9.40040650406504,-9.053812802856415,9.780983375846603,0.24724657226342997,21.95457028421984,554.0,556.125,561.1428571428571,7,3,0,2025
2025-07-15,1866,557.0,2008.0,1015.0,1968.0,1925.0,1635.1363636363637,136.83323183106114,319.32641837446096,0.07108219835379799,-59.0,0.5,-7.071713147410359,83.84236453201972,-5.182926829268292,-3.0649350649350646,14.118922525227246,0.08984725965858043,38.385325692304676,557.5,556.5,560.9545454545455,7,3,1,2025
2025-07-16,1906,552.0,2008.0,815.0,1975.0,1921.2,1632.0,118.80530291194789,316.1524647260887,0.06183911248800119,-15.200000000000045,-3.6000000000000227,-5.079681274900398,133.86503067484662,-3.4936708860759493,-0.7911721840516367,16.78921568627451,-0.6479481641468723,64.39267469997311,557.0,555.6,561.75,7,3,2,2025
2025-07-17,2030,550.5,1947.0,1400.0,1952.0,1937.8,1635.5454545454545,128.69809633401604,320.3218213985258,0.06641454037259575,92.20000000000005,-3.7000000000000455,4.26296866974833,45.0,3.995901639344263,4.757972959025702,24.117614362736926,-0.6676290147961107,24.631484334874166,552.0,554.2,560.8181818181819,7,3,3,2025
2025-07-18,2052,550.5,2104.0,1401.0,1874.0,1927.4,1643.6363636363637,113.06104545775123,328.7683430268541,0.058659876236251546,124.59999999999991,-3.0,-2.4714828897338403,46.466809421841546,9.498399146211312,6.4646674276226985,24.845132743362825,-0.5420054200542005,21.997663266053852,550.5,553.5,559.4090909090909,7,3,4,2025
2025-07-21,2016,550.0,1783.0,1436.0,1689.0,1974.0,1654.095238095238,82.57118141336993,345.87814397008424,0.04182937254983279,42.0,-2.0,13.067863151991027,40.389972144846794,19.36056838365897,2.127659574468085,21.879318286503917,-0.36231884057971014,26.72891764841891,550.5,552.0,556.1904761904761,7,3,0,2025
2025-07-22,2035,549.5,1866.0,2008.0,1689.0,2007.8,1671.409090909091,58.34552253600626,347.1741238836388,0.029059429492980505,27.200000000000045,-1.0,9.056806002143624,1.344621513944223,20.485494375370042,1.3547166052395678,21.753555791248534,-0.18165304268846502,5.200713758043923,550.0,550.5,555.8863636363636,7,3,1,2025
2025-07-23,2120,547.0,1906.0,2008.0,1674.0,2050.6,1691.6818181818182,40.875420487128615,360.1132608028488,0.019933395341426224,69.40000000000009,-2.5,11.227701993704093,5.577689243027888,26.642771804062125,3.384375304788847,25.31907461643872,-0.4549590536851683,8.40269561836599,549.5,549.5,554.0227272727273,7,3,2,2025
2025-07-24,2258,548.5,2030.0,1947.0,1681.0,2096.2,1717.909090909091,98.58600306331289,379.7732292141004,0.04703081913143445,161.80000000000018,-0.6000000000000227,11.231527093596059,15.973292244478685,34.32480666270077,7.718729128899923,31.438852727946227,-0.10926971407758564,13.602409669037371,547.0,549.1,553.3863636363636,7,3,3,2025
2025-07-25,2257,548.0,2052.0,2104.0,1665.0,2137.2,1744.8181818181818,116.59202374090393,396.4527998524195,0.05455363266933555,119.80000000000018,-0.6000000000000227,9.990253411306043,7.271863117870722,35.55555555555556,5.605465094516198,29.35445214401084,-0.10936930368210403,8.631058264588383,548.5,548.6,552.9545454545455,7,3,4,2025
2025-07-28,2226,547.0,2016.0,1783.0,1521.0,2179.2,1787.5238095238096,98.42611442091714,412.73594695005926,0.04516616851180119,46.80000000000018,-1.0,10.416666666666668,24.84576556365676,46.35108481262327,2.1475770925110216,24.529809792743347,-0.18248175182481752,17.631216115161713,548.0,548.0,552.4761904761905,7,3,0,2025
2025-07-29,2109,550.0,2035.0,1866.0,1521.0,2194.0,1802.1363636363637,73.80718122242216,408.57875564828356,0.03364046546145039,-85.0,1.8999999999999773,3.6363636363636362,13.02250803858521,38.65877712031558,-3.8742023701002735,17.02777007087547,0.34665207078999766,8.329435837474422,547.0,548.1,552.3636363636364,7,3,1,2025
2025-07-30,1995,555.5,2120.0,1906.0,1489.0,2169.0,1825.1363636363637,114.88037256206776,404.33205300953995,0.052964671536223036,-174.0,5.7000000000000455,-5.89622641509434,4.669464847848898,33.982538616521154,-8.022130013831259,9.306901103279948,1.0367406329574473,-0.6133807836227207,550.0,549.8,552.4772727272727,7,3,2,2025
2025-07-31,2003,556.5,2258.0,2030.0,1015.0,2118.0,1870.0454545454545,121.88108959145197,362.80107067526325,0.05754536807906136,-115.0,5.100000000000023,-11.293179805137289,-1.3300492610837438,97.33990147783251,-5.429650613786592,7.109695923774339,0.9249183895538671,-6.311614533110516,555.5,551.4,552.6363636363636,7,3,3,2025
2025-08-01,966,556.0,2257.0,2052.0,815.0,1859.8,1876.909090909091,508.39620376238037,342.76590777448683,0.27336068596751284,-893.8,3.0,-57.19982277359327,-52.92397660818714,18.52760736196319,-48.05893106785676,-48.532403371113055,0.5424954792043399,-55.0618996908902,556.5,553.0,552.8181818181819,8,3,4,2025
2025-08-04,1342,549.0,2226.0,2016.0,1374.0,1683.0,1922.95,502.88915279612064,324.77854398278777,0.29880520071070743,-341.0,-4.399999999999977,-39.71248876909254,-33.432539682539684,-2.3289665211062593,-20.26143790849673,-30.211393952000833,-0.795084929526559,-36.57251422581611,556.0,553.4,552.225,8,3,0,2025
2025-08-05,1316,546.0,2109.0,2035.0,1374.0,1524.4,1894.047619047619,457.99377725030297,343.1462481494562,0.3004419950474304,-208.4000000000001,-6.600000000000023,-37.60075865339023,-35.331695331695336,-4.2212518195050945,-13.670952505903966,-30.519170333123817,-1.1943539630836089,-36.466226992542786,549.0,552.6,551.9285714285714,8,3,1,2025
2025-08-07,1431,541.0,2003.0,2258.0,2008.0,1263.75,1888.1,204.5162992689511,351.3807201972191,0.16183287775980304,167.25,-7.0,-28.557164253619572,-36.62533215234721,-28.735059760956176,13.234421364985163,-24.209522800699112,-1.2773722627737227,-32.591248202983394,546.0,548.0,551.15,8,3,3,2025
2025-08-08,2051,537.0,966.0,2257.0,2008.0,1535.0,1895.857142857143,347.50635485796056,344.32343598922967,0.22638850479345965,516.0,-6.25,112.31884057971016,-9.127159946832078,2.141434262948207,33.615635179153095,8.183256725190263,-1.150483202945237,51.59584031643904,541.0,543.25,550.4761904761905,8,3,4,2025
2025-08-09,2019,537.0,966.0,2257.0,1947.0,1631.8,1899.2857142857142,370.70432962133043,345.2154606701659,0.22717510088327642,387.20000000000005,-5.0,109.00621118012421,-10.544971200708906,3.697996918335902,23.728398088000986,6.30312147423844,-0.9225092250922509,49.230619989707655,537.0,542.0,549.5,8,3,5,2025
2025-08-10,1963,537.0,966.0,2257.0,2104.0,1687.0,1892.5714285714287,358.0776452112027,342.3944467173171,0.21225705110326182,276.0,-4.166666666666629,103.20910973084887,-13.026140894993354,-6.701520912547529,16.360403082394782,3.7213164251207673,-0.769941484447175,45.09148441792776,537.0,541.1666666666666,548.6904761904761,8,3,6,2025
2025-08-12,2694,532.0,1316.0,2109.0,2104.0,2031.6,1929.0,448.53517141914256,375.29493163948587,0.22077927319312,662.4000000000001,-4.7999999999999545,104.7112462006079,27.738264580369844,28.041825095057032,32.60484347312464,39.657853810264385,-0.8941877794336728,66.22475539048887,537.0,536.8,547.9318181818181,8,3,1,2025
2025-08-13,2025,531.0,1316.0,1995.0,1783.0,2030.5,1940.0,401.1911015962339,374.35722690143706,0.19758241890974337,-5.5,-4.833333333333371,53.87537993920972,1.5037593984962405,13.572630398205272,-0.2708692440285644,4.381443298969072,-0.9020217729393537,27.689569668852982,532.0,535.8333333333334,546.7272727272727,8,3,2,2025
2025-08-14,2039,529.5,1431.0,2003.0,1866.0,2131.8333333333335,1947.8636363636363,277.0678015696994,374.54573062445263,0.1299669149728869,-92.83333333333348,-4.416666666666629,42.48777078965758,1.797304043934099,9.271168274383708,-4.3546243452427555,4.67878561594288,-0.8272202278757539,22.14253741679584,531.0,533.9166666666666,545.4772727272727,8,3,3,2025
2025-08-15,2044,531.5,2051.0,966.0,1906.0,2130.6666666666665,1954.1363636363637,277.4906605034957,374.9665757110007,0.13023654278950048,-86.66666666666652,-1.5,-0.3412969283276451,111.59420289855073,7.240293809024134,-4.067584480600744,4.598636924007344,-0.28142589118198874,55.62645298511154,529.5,533.0,544.5454545454545,8,3,4,2025
2025-08-18,2022,528.5,1963.0,1342.0,2052.0,2164.8,1949.095238095238,295.9758436088992,383.49301229121664,0.13672202679642423,-142.80000000000018,-2.0,3.0056036678553237,50.670640834575266,-1.461988304093567,-6.596452328159653,3.7404412303632957,-0.3770028275212064,26.838122251215296,531.5,530.5,543.2142857142857,8,3,0,2025
2025-08-19,1964,527.0,2694.0,1316.0,2052.0,2018.8,1949.7727272727273,31.9953121566209,374.26434913080317,0.015848678500406627,-54.799999999999955,-2.5,-27.097253155159613,49.24012158054711,-4.28849902534113,-2.714483851793142,0.7296887749154924,-0.4721435316336166,11.071434212693749,528.5,529.5,542.4772727272727,8,3,1,2025
2025-08-20,1927,527.0,2025.0,1316.0,2016.0,1999.2,1945.7272727272727,51.387741728933996,373.99531214507783,0.025704152525477187,-72.20000000000005,-1.7000000000000455,-4.839506172839506,46.42857142857143,-4.4146825396825395,-3.6114445778311346,-0.962481895061441,-0.3215434083601372,20.794532627865962,527.0,528.7,541.4318181818181,8,3,2,2025
2025-08-21,1893,529.0,2039.0,1431.0,2035.0,1970.0,1939.2727272727273,63.23369355019246,373.6063859220454,0.03209832159908247,-77.0,0.39999999999997726,-7.160372731731241,32.28511530398323,-6.977886977886978,-3.908629441624366,-2.3860866304144,0.07567158531970813,12.562371286125996,527.0,528.6,540.5,8,3,3,2025
2025-08-22,1944,527.5,2044.0,2051.0,2120.0,1950.0,1931.2727272727273,47.94267410146906,371.4302064566087,0.02458598671870208,-6.0,-0.2999999999999545,-4.892367906066536,-5.216967333008289,-8.30188679245283,-0.3076923076923077,0.6590096027113549,-0.05683971201211719,-5.054667619537412,529.0,527.8,539.6136363636364,8,3,4,2025
2025-08-26,2041,532.5,1964.0,2694.0,2257.0,1951.25,1905.4285714285713,63.47899915194707,366.2194112043459,0.03253247874539248,89.75,3.5,3.920570264765784,-24.239049740163328,-9.570225963668587,4.599615631005766,7.115009746588699,0.6616257088846881,-10.159239737698773,527.5,529.0,538.452380952381,8,3,1,2025
2025-08-27,2046,530.0,1927.0,2025.0,2226.0,1981.0,1896.857142857143,75.13986957667366,360.4014824767362,0.03793027237590796,65.0,0.25,6.175402179553711,1.037037037037037,-8.086253369272237,3.2811711256940943,7.862629914143694,0.04719207173194903,3.606219608295374,532.5,529.75,537.6428571428571,8,3,2,2025
2025-08-28,2017,529.0,1893.0,2039.0,2109.0,2012.0,1892.4761904761904,47.06732766296408,358.2465099687121,0.023393304007437415,5.0,-0.75,6.550449022715267,-1.0789602746444336,-4.362256993835941,0.2485089463220676,6.579940616979524,-0.14157621519584712,2.735744374035417,530.0,529.75,536.6428571428571,8,3,3,2025
2025-08-29,2025,531.0,1944.0,2044.0,1995.0,2032.25,1893.904761904762,13.549292724448808,358.7352651694437,0.006667138749882548,-7.25,0.375,4.166666666666666,-0.9295499021526419,1.5037593984962405,-0.3567474474105056,6.921955144322638,0.0706713780918728,1.618558382257012,529.0,530.625,535.4761904761905,8,3,4,2025
2025-09-01,969,533.5,1944.0,2022.0,966.0,1819.6,1888.6,475.64461523284353,366.76371283516073,0.261400645874282,-850.5999999999999,2.2999999999999545,-50.15432098765432,-52.07715133531158,0.3105590062111801,-46.746537700593535,-48.69215291750503,0.43298192771083477,-51.11573616148295,531.0,531.2,533.3,9,3,0,2025
2025-09-04,1259,530.5,2017.0,1893.0,1316.0,1417.6666666666667,1914.3684210526317,545.5871454986211,358.4638848268357,0.38484868010718626,-158.66666666666674,-1.1666666666666288,-37.5805651958354,-33.491811938721604,-4.331306990881459,-11.192099694333416,-34.23418469744041,-0.2194357366771089,-35.5361885672785,533.5,531.6666666666666,531.6578947368421,9,3,3,2025
2025-09-05,1299,525.5,2025.0,1944.0,1316.0,1175.6666666666667,1883.6,180.09256878986994,375.05640277584723,0.1531833587665466,123.33333333333326,-4.333333333333371,-35.851851851851855,-33.17901234567901,-1.2917933130699089,10.490501842925992,-31.036313442344444,-0.8178672538534202,-34.51543209876543,530.5,529.8333333333334,531.35,9,3,4,2025
2025-09-06,1691,525.5,2025.0,1944.0,1431.0,1304.5,1896.6,296.67209732857197,362.8503243690675,0.2274220753764446,386.5,-3.25,-16.493827160493826,-13.01440329218107,18.16911250873515,29.628210042161747,-10.84045133396604,-0.6146572104018913,-14.754115226337447,525.5,528.75,530.575,9,3,5,2025
2025-09-07,1423,525.5,2025.0,1944.0,2051.0,1328.2,1865.2,262.3341380758521,375.72983014815117,0.19751102098769166,94.79999999999995,-2.6000000000000227,-29.728395061728396,-26.800411522633745,-30.619210141394444,7.137479295286851,-23.707913360497535,-0.4923309979170654,-28.264403292181072,525.5,528.1,530.0,9,3,6,2025
2025-09-09,2079,524.0,969.0,2041.0,1963.0,1550.2,1863.2105263157894,340.4162158299749,386.91810487885107,0.21959503020898907,528.8,-2.2000000000000455,114.55108359133126,1.8618324350808426,5.909322465613856,34.1117275190298,11.58159374028983,-0.41809198023566047,58.20645801320605,525.5,526.2,528.9473684210526,9,3,1,2025
2025-09-10,1923,521.0,969.0,2046.0,1963.0,1612.3333333333333,1866.2,340.39663139735484,376.8356615150354,0.21112050737896723,310.66666666666674,-4.333333333333371,98.45201238390094,-6.011730205278592,-2.0376974019358127,19.26814140996486,3.043618047368983,-0.8248730964467077,46.22014108931117,524.0,525.3333333333334,528.55,9,3,2,2025
2025-09-12,2557,516.5,1299.0,2025.0,2025.0,1934.6,1850.6315789473683,427.03723491049334,369.7015629045078,0.22073670780031704,622.4000000000001,-6.0,96.84372594303309,26.271604938271604,26.271604938271604,32.17202522485269,38.16904612934419,-1.1483253588516746,61.55766544065235,521.0,522.5,527.6052631578947,9,3,4,2025
2025-09-15,2153,516.5,1423.0,969.0,2044.0,2178.0,1846.2222222222222,270.2418669759858,381.8244985754829,0.12407799218364819,-25.0,-3.0,51.300070274068865,122.18782249742002,5.332681017612524,-1.147842056932966,16.616514203177662,-0.5774783445620789,86.74394638574444,516.5,519.5,526.6666666666666,9,3,0,2025
2025-09-16,2154,521.5,2079.0,969.0,2044.0,2196.75,1862.421052631579,263.60371140533357,377.7249610481561,0.1199971373189182,-42.75,2.625,3.6075036075036073,122.29102167182661,5.38160469667319,-1.9460566746329806,15.655909116599783,0.5059021922428331,62.94926263966511,516.5,518.875,526.3947368421053,9,3,1,2025
2025-09-17,2180,524.0,1923.0,969.0,2022.0,2261.0,1870.7368421052631,197.72877045758005,383.1338382493728,0.08745191086137995,-81.0,4.375,13.364534581383255,124.97420020639835,7.81404549950544,-3.582485625829279,16.531622777402657,0.8419533317296126,69.16936739389081,521.5,519.625,526.1578947368421,9,3,2,2025
2025-09-18,2205,524.0,1923.0,1259.0,1964.0,2249.8,1883.421052631579,173.05981624860172,390.31501747370385,0.07692231142706094,-44.80000000000018,3.5,14.664586583463338,75.13899920571883,12.270875763747455,-1.9912881144990746,17.07419309766662,0.6724303554274735,44.90179289459108,524.0,520.5,526.0,9,3,3,2025
2025-09-19,2203,520.5,2557.0,1299.0,1927.0,2179.0,1897.9473684210527,25.26855753698281,397.10388700694443,0.011596400888931992,24.0,-0.7999999999999545,-13.844348846304264,69.59199384141648,14.322781525687597,1.101422670949977,16.07276559163639,-0.15346249760213976,27.87382249755611,524.0,521.3,525.6578947368421,9,3,4,2025
2025-09-22,2172,515.0,2153.0,1423.0,1944.0,2182.8,1910.888888888889,21.533694527410095,413.6204410822155,0.009865170664930407,-10.800000000000182,-6.0,0.8824895494658616,52.63527758257203,11.728395061728394,-0.49477735019242175,13.664379579020816,-1.1516314779270633,26.758883566018945,520.5,521.0,524.7777777777778,9,3,0,2025
2025-09-23,2200,514.5,2154.0,2079.0,1944.0,2192.0,1926.1052631578948,14.98332406376535,407.40218931622087,0.006835458058287112,8.0,-5.100000000000023,2.1355617455896008,5.82010582010582,13.168724279835391,0.36496350364963503,14.220133347906872,-0.9815242494226372,3.97783378284771,515.0,519.6,524.2368421052631,9,3,1,2025
2025-09-24,2240,518.0,2180.0,1923.0,1944.0,2204.0,1941.8,24.17643480746923,402.70017578708365,0.01096934428651054,36.0,-0.39999999999997726,2.7522935779816518,16.484659386375455,15.22633744855967,1.6333938294010888,15.356885364095172,-0.0771604938271561,9.618476482178554,514.5,518.4,523.925,9,3,2,2025
2025-09-25,2266,520.5,2205.0,1923.0,2041.0,2216.2,1953.05,36.867329710731866,408.71524960925865,0.016635380250307676,49.80000000000018,2.7999999999999545,2.7664399092970524,17.836713468538743,11.024007839294464,2.247089612850834,16.023655308363843,0.5408537763183222,10.301576688917898,518.0,517.7,523.325,9,3,3,2025
2025-09-26,2259,524.5,2203.0,2557.0,2046.0,2227.4,1963.7,40.209451625206384,414.00560636936297,0.018052191624856957,31.59999999999991,6.0,2.5419881979119383,-11.654282362143137,10.410557184750733,1.4186944419502518,15.037938585323621,1.1571841851494697,-4.556147082115599,520.5,518.5,523.05,9,3,4,2025
2025-09-29,2220,523.0,2172.0,2153.0,2025.0,2237.0,1971.157894736842,27.349588662351223,429.1235594089037,0.012226011918798043,-17.0,2.8999999999999773,2.209944751381215,3.1119368323269856,9.62962962962963,-0.7599463567277605,12.624158923421982,0.5575850797923433,2.6609407918541006,524.5,520.1,522.3157894736842,9,3,0,2025
2025-09-30,2134,523.0,2200.0,2154.0,2025.0,2223.8,1979.3,53.293526811422566,419.2623974252134,0.02396507186411663,-89.80000000000018,1.2000000000000455,-3.0,-0.9285051067780872,5.382716049382716,-4.038132925622816,7.815894508159453,0.22997316979686577,-1.9642525533890436,523.0,521.8,522.35,9,3,1,2025
2025-10-01,1048,523.0,2240.0,2180.0,969.0,1985.4,1983.25,526.6477000804236,409.5016065774034,0.26526024986422064,-937.4000000000001,0.20000000000004547,-53.214285714285715,-51.92660550458715,8.152734778121776,-47.21466706960814,-47.15744359006681,0.038255547054331575,-52.57044560943643,523.0,522.8,521.825,10,4,2,2025
2025-10-02,809,523.0,2266.0,2205.0,969.0,1694.0,1927.3333333333333,705.3442421966737,474.307003251411,0.41637794698741065,-885.0,-0.2999999999999545,-64.29832303618711,-63.310657596371875,-16.51186790505676,-52.24321133412042,-58.02490487720512,-0.057328492260644855,-63.8044903162795,523.0,523.3,521.8809523809524,10,4,3,2025
2025-10-03,1424,523.0,2259.0,2203.0,969.0,1527.0,1904.4545454545455,633.2992973310486,475.1526799504238,0.41473431390376464,-103.0,0.0,-36.96325807879593,-35.36087153881071,46.95562435500516,-6.745252128356253,-25.227934507613732,0.0,-36.16206480880332,523.0,523.0,521.9318181818181,10,4,4,2025
2025-10-04,1269,523.0,2259.0,2203.0,1259.0,1484.0,1904.909090909091,576.1496333418949,474.5101643841749,0.38824099281798846,-215.0,0.0,-43.82470119521912,-42.39673172945983,0.7942811755361397,-14.487870619946092,-33.38264770449557,0.0,-43.110716462339475,523.0,523.0,521.5909090909091,10,4,5,2025
2025-10-06,1680,523.0,2220.0,2172.0,1691.0,1394.0,1933.2380952380952,470.71477563382257,466.32637763286687,0.33767200547619985,286.0,0.0,-24.324324324324326,-22.65193370165746,-0.6505026611472502,20.516499282639884,-13.099167446672247,0.0,-23.488129012990893,523.0,523.0,521.2857142857143,10,4,0,2025
2025-10-07,1465,523.0,2134.0,2200.0,1423.0,1282.5,1935.2380952380952,313.2760763288507,464.11344569640636,0.2442698450907218,182.5,0.0,-31.349578256794754,-33.409090909090914,2.9515108924806746,14.230019493177387,-24.298720472440944,0.0,-32.37933458294283,523.0,523.0,521.1666666666666,10,4,1,2025
2025-10-09,2112,523.0,809.0,2266.0,2079.0,1590.0,1936.8095238095239,326.6519554510578,464.6800640276733,0.20544148141575963,522.0,0.0,161.06304079110012,-6.796116504854369,1.5873015873015872,32.83018867924528,9.045312615248442,0.0,77.13346214312287,523.0,523.0,521.1190476190476,10,4,3,2025
2025-10-10,1936,523.0,1424.0,2259.0,1923.0,1692.4,1937.4285714285713,341.51764229685097,464.6694062910295,0.20179487254600031,243.5999999999999,0.0,35.95505617977528,-14.298362107127046,0.6760270410816432,14.393760340345066,-0.07373543725113788,0.0,10.828347036324118,523.0,523.0,521.2142857142857,10,4,4,2025
2025-10-11,2084,523.0,1269.0,2259.0,1923.0,1855.4,1944.090909090909,277.3874546550363,454.5463367956813,0.1495027781907062,228.5999999999999,0.0,64.22379826635147,-7.746790615316512,8.372334893395736,12.320793359922384,7.196633154079968,0.0,28.238503825517476,523.0,523.0,521.2954545454545,10,4,5,2025
2025-10-12,2430,523.0,1269.0,2259.0,2557.0,1951.1666666666667,1938.3181818181818,341.44189354364016,447.13781686715777,0.1749937098540908,478.83333333333326,0.0,91.48936170212765,7.569721115537849,-4.96675791943684,24.54087298197659,25.366414182867064,0.0,49.52954140883275,523.0,523.0,521.5909090909091,10,4,6,2025
2025-10-13,2144,523.0,1680.0,2220.0,2557.0,2028.5,1947.2608695652175,319.58832894835166,438.95756860495493,0.15754908994249528,115.5,0.0,27.61904761904762,-3.423423423423423,-16.151740320688308,5.693862459945772,10.103378212427709,0.0,12.097812097812099,523.0,523.0,521.6521739130435,10,4,0,2025
2025-10-14,2022,523.0,1465.0,2134.0,2557.0,2121.3333333333335,1950.375,168.21731975830104,429.5799578860633,0.07929791943351715,-99.33333333333348,0.0,38.020477815699664,-5.248359887535145,-20.922956589753618,-4.6825895663105035,3.6723706979427035,0.0,16.38605896408226,523.0,523.0,521.7083333333334,10,4,1,2025
2025-10-15,1997,523.0,1465.0,1048.0,2153.0,2103.5714285714284,1943.875,160.5904284641073,427.5561811545693,0.07634179960942283,-106.57142857142844,0.0,36.31399317406143,90.55343511450383,-7.245703669298653,-5.0662139219015225,2.7329432190855893,0.0,63.43371414428263,523.0,523.0,521.9791666666666,10,4,2,2025
2025-10-16,2046,523.0,2112.0,809.0,2154.0,2094.1428571428573,1939.375,161.9448759829798,425.8132691889626,0.07733229632859394,-48.14285714285734,0.0,-3.125,152.90482076637824,-5.013927576601671,-2.2989289856061212,5.497905252980987,0.0,74.88991038318912,523.0,523.0,522.0416666666666,10,4,3,2025
2025-10-17,2069,523.0,1936.0,1424.0,2180.0,2113.1428571428573,1934.75,147.45217142227077,423.6835621894786,0.06977861005650995,-44.14285714285734,0.0,6.869834710743801,45.29494382022472,-5.091743119266055,-2.088967009194168,6.9388809923762755,0.0,26.08238926548426,523.0,523.0,522.0,10,4,4,2025
2025-10-20,2071,523.0,2144.0,1680.0,2203.0,2041.0,1917.2608695652175,31.64648479688855,426.14628489109555,0.015505382066089441,30.0,0.0,-3.404850746268657,23.273809523809526,-5.9918293236495686,1.4698677119059285,8.018686078418028,0.0,9.934479388770434,523.0,523.0,522.0217391304348,10,4,0,2025
2025-10-21,2094,523.0,2022.0,1465.0,2203.0,2055.4,1924.625,36.80081520835798,418.33778867654684,0.017904454222223403,38.59999999999991,0.0,3.5608308605341246,42.93515358361775,-4.947798456650022,1.8779799552398515,8.800415665389362,0.0,23.247992222075936,523.0,523.0,522.0625,10,4,1,2025
2025-10-23,2057,523.0,2046.0,2112.0,2200.0,2072.75,1907.6521739130435,15.45692940613701,420.98484195295055,0.007457208735321197,-15.75,0.0,0.5376344086021506,-2.604166666666667,-6.5,-0.7598600892534073,7.828881393016681,0.0,-1.0332661290322582,523.0,523.0,522.7391304347826,10,4,3,2025
2025-10-24,1991,523.0,2069.0,1936.0,2240.0,2053.25,1896.8260869565217,44.214439572002746,415.2117370225285,0.02153388022501047,-62.25,0.0,-3.7699371677138718,2.840909090909091,-11.116071428571427,-3.0317788871301596,4.964815366630756,0.0,-0.4645140384023905,523.0,523.0,522.9565217391304,10,4,4,2025
2025-10-27,1976,523.0,2071.0,2144.0,2259.0,2029.5,1867.1818181818182,55.5607775323527,408.9646202375716,0.027376584149964377,-53.5,0.0,-4.587155963302752,-7.835820895522389,-12.527667109340415,-2.636117270263612,5.827937095282143,0.0,-6.2114884294125705,523.0,523.0,523.0,10,4,0,2025
2025-10-28,1950,523.0,2094.0,2022.0,2259.0,1993.5,1870.7826086956522,45.59605246070697,399.9348761215261,0.022872361404919474,-43.5,0.0,-6.876790830945559,-3.5608308605341246,-13.678618857901725,-2.18209179834462,4.234451984754109,0.0,-5.218810845739842,523.0,523.0,523.0,10,4,1,2025
2025-10-29,1961,523.0,2094.0,1997.0,2220.0,1987.0,1859.5217391304348,42.07730979993433,393.2454553358411,0.0211763008555281,-26.0,0.0,-6.351480420248329,-1.8027040560841263,-11.666666666666666,-1.3085052843482639,5.4572236900558835,0.0,-4.077092238166228,523.0,523.0,523.0,10,4,2,2025
2025-10-30,1983,523.0,2057.0,2046.0,2134.0,1972.2,1852.9565217391305,16.60421633199335,389.69924047105343,0.008419134130409364,10.799999999999955,0.0,-3.5974720466699077,-3.0791788856304985,-7.075913776944705,0.5476118040766633,7.018161340278752,0.0,-3.338325466150203,523.0,523.0,523.0,10,4,3,2025
2025-10-31,1966,523.0,1991.0,2069.0,1048.0,1967.2,1892.8695652173913,12.872451204010442,348.32225209473535,0.00654353965230299,-1.2000000000000455,0.0,-1.255650426921145,-4.9782503624939585,87.59541984732824,-0.0610004066693801,3.8634693127526676,0.0,-3.1169503947075516,523.0,523.0,523.0,10,4,4,2025
2025-11-02,801,523.0,1991.0,2069.0,1424.0,1772.8333333333333,1913.8181818181818,476.23835068867163,342.0621826459882,0.26863120279515185,-971.8333333333333,0.0,-59.76896032144651,-61.28564523924601,-43.75,-54.81808780671241,-58.14649439483185,0.0,-60.52730278034626,523.0,523.0,523.0,11,4,6,2025
2025-11-03,1436,523.0,1976.0,2071.0,1269.0,1682.8333333333333,1921.409090909091,481.1641784948939,328.6617394237417,0.28592503426457005,-246.83333333333326,0.0,-27.327935222672068,-30.6615161757605,13.159968479117415,-14.667723086065166,-25.26318279671643,0.0,-28.994725699216282,523.0,523.0,523.0,11,4,0,2025
2025-11-04,1274,523.0,1950.0,2094.0,1269.0,1570.1666666666667,1893.2608695652175,485.2213584197073,348.32746053512113,0.30902538483369535,-296.16666666666674,0.0,-34.66666666666667,-39.159503342884435,0.3940110323089046,-18.862116548137145,-32.70869215753818,0.0,-36.91308500477555,523.0,523.0,523.0,11,4,1,2025
2025-11-06,1738,492.5,1983.0,2057.0,1465.0,1443.0,1915.3636363636363,447.5846288692219,341.82807506176766,0.3101764579828287,295.0,-24.399999999999977,-12.355017650025214,-15.508021390374333,18.63481228668942,20.443520443520445,-9.260050310883283,-4.72044882956084,-13.931519520199775,523.0,516.9,521.6136363636364,11,4,3,2025
2025-11-07,1663,492.5,1966.0,1991.0,1465.0,1382.4,1904.391304347826,373.4424989205152,338.08911400969157,0.27014069655708567,280.5999999999999,-18.30000000000001,-15.41200406917599,-16.474133601205423,13.515358361774743,20.298032407407398,-12.67550969155955,-3.5826155050900566,-15.943068835190708,492.5,510.8,520.3478260869565,11,4,4,2025
2025-11-08,2038,492.5,1966.0,1991.0,2112.0,1491.6666666666667,1901.1739130434783,428.021806298074,336.37136568408204,0.28694199304898815,546.3333333333333,-15.25,3.6622583926754833,2.360622802611753,-3.5037878787878785,36.62569832402234,7.196926384156242,-3.003446578040374,3.011440597643618,492.5,507.75,519.0217391304348,11,4,5,2025
2025-11-09,2111,492.5,801.0,1991.0,1936.0,1710.0,1908.7826086956522,327.58205079033183,339.16259931587985,0.19156845075458,401.0,-10.166666666666686,163.54556803995007,6.027122049221497,9.039256198347108,23.450292397660817,10.594050384948291,-2.022546419098147,84.78634504458579,492.5,502.6666666666667,517.695652173913,11,4,6,2025
2025-11-11,2072,495.0,1274.0,1950.0,2430.0,1924.4,1884.5454545454545,207.71687461542382,326.74698632671976,0.1079385131030055,147.5999999999999,2.0,62.637362637362635,6.256410256410256,-14.732510288065845,7.669923092912072,9.946936806560542,0.4056795131845842,34.446886446886445,492.5,493.0,516.1818181818181,11,4,1,2025
2025-11-12,2294,496.0,1274.0,1961.0,2144.0,1986.0,1891.3636363636363,239.3415968861239,333.9053965613829,0.12051439923772604,308.0,2.5,80.06279434850863,16.9811320754717,6.996268656716417,15.508559919436053,21.288151886565736,0.5065856129685917,48.52196321199017,495.0,493.5,514.9545454545455,11,4,2,2025
2025-11-13,2077,490.0,1738.0,1983.0,2022.0,2042.5,1893.8636363636363,206.90360074198782,335.13370401542744,0.101299192529737,34.5,-3.0833333333333144,19.50517836593786,4.740292486132123,2.7200791295746787,1.6891064871481027,9.669986799471983,-0.6253168835558521,12.12273542603499,496.0,493.0833333333333,513.4545454545455,11,4,3,2025
2025-11-14,2125,490.0,1663.0,1966.0,1997.0,2119.5,1899.6818181818182,90.83776747586857,338.10739155645325,0.04285811157153507,5.5,-2.6666666666666856,27.781118460613353,8.087487283825025,6.4096144216324475,0.25949516395376265,11.860837939367833,-0.5412719891745641,17.934302872219188,490.0,492.6666666666667,511.95454545454544,11,4,4,2025
2025-11-17,2153,492.0,2111.0,1436.0,2069.0,2144.2,1896.7142857142858,90.29784050573967,347.4590828942522,0.04211260167229721,8.800000000000182,-0.6000000000000227,1.989578398863098,49.930362116991645,4.0599323344610925,0.41040947672792566,13.512088574226103,-0.12180267965895711,25.95997025792737,490.0,492.6,509.95238095238096,11,4,0,2025
2025-11-18,2216,493.0,2072.0,1274.0,2069.0,2173.0,1911.2272727272727,84.27633119684349,345.8506327494006,0.03878340137912724,43.0,0.8000000000000114,6.94980694980695,73.9403453689168,7.104881585306912,1.9788311090658077,15.946440887578184,0.16253555465258257,40.445076159361875,492.0,492.2,509.1818181818182,11,4,1,2025
2025-11-19,2260,490.0,2294.0,1274.0,2071.0,2166.2,1919.8181818181818,72.64089757154734,352.295687004896,0.03353379077257287,93.80000000000018,-1.0,-1.4821272885789014,77.39403453689168,9.126026074360212,4.330163419813507,17.719481011459422,-0.20366598778004072,37.95595362415639,493.0,491.0,507.6818181818182,11,4,2,2025
2025-11-20,2270,486.5,2077.0,1738.0,2094.0,2204.8,1927.8181818181818,64.17709871909214,358.38508636642615,0.029107900362432937,65.19999999999982,-3.8000000000000114,9.292248435243138,30.609896432681243,8.404966571155683,2.957184325108845,17.749693482976518,-0.7750356924332065,19.95107243396219,490.0,490.3,506.02272727272725,11,4,3,2025
2025-11-21,2275,482.0,2125.0,1663.0,2094.0,2234.8,1942.9130434782608,51.3195869040287,357.55049396026,0.02296383877932195,40.19999999999982,-6.699999999999989,7.0588235294117645,36.80096211665664,8.643744030563514,1.7988186862358966,17.092219213641556,-1.3709842439124185,21.9298928230342,486.5,488.7,504.9782608695652,11,4,4,2025
2025-11-24,2295,477.0,2153.0,2111.0,1991.0,2263.2,1951.5454545454545,29.303583398625577,372.86084820105845,0.012947854099781539,31.800000000000182,-8.699999999999989,6.595448211797492,8.716248223590716,15.268709191361124,1.4050901378579084,17.599105603950253,-1.791229153798639,7.655848217694103,482.0,485.7,502.0681818181818,11,4,0,2025
2025-11-25,2309,473.0,2216.0,2072.0,1991.0,2281.8,1967.0869565217392,19.841874911414926,371.8349967689096,0.008695711679996023,27.199999999999818,-8.699999999999989,4.196750902527076,11.438223938223938,15.971873430436967,1.1920413708475683,17.38169440576442,-1.806103383848866,7.817487420375507,477.0,481.7,500.80434782608694,11,4,1,2025
2025-11-26,2401,470.5,2260.0,2294.0,1976.0,2310.0,1985.5652173913043,53.22593352868781,382.69948168325635,0.02304152966609862,91.0,-7.300000000000011,6.238938053097345,4.6643417611159546,21.508097165991902,3.939393939393939,20.922746781115887,-1.5278359146086253,5.4516399071066495,473.0,477.8,498.5217391304348,11,4,2,2025
2025-11-27,2480,471.5,2270.0,2077.0,1950.0,2352.0,2008.608695652174,86.33075929238882,396.1796813580289,0.03670525480118572,128.0,-3.3000000000000114,9.251101321585903,19.402985074626866,27.17948717948718,5.442176870748299,23.468548422009604,-0.6950294860994127,14.327043198106384,470.5,474.8,496.2826086956522,11,4,3,2025
2025-11-28,2560,472.0,2275.0,2125.0,1961.0,2409.0,2034.6521739130435,112.80735791605304,412.2691760461693,0.046827462812807405,151.0,-0.8000000000000114,12.527472527472527,20.47058823529412,30.545639979602246,6.268161062681611,25.820031198581106,-0.16920473773265893,16.499030381383324,471.5,472.8,494.0652173913044,11,4,4,2025
2025-12-02,776,473.0,2309.0,2216.0,801.0,2054.25,2039.1904761904761,854.6353510903543,435.5308966132745,0.41603278621898715,-1278.25,1.25,-66.3923776526635,-64.98194945848375,-3.1210986267166043,-62.224656200559814,-61.945683394437566,0.2649708532061473,-65.68716355557362,472.0,471.75,488.92857142857144,12,4,1,2025
2025-12-03,1559,469.5,2401.0,2260.0,1436.0,1843.75,2045.047619047619,844.393421338655,427.7713730709998,0.45797609292944,-284.75,-2.0,-35.06872136609746,-31.017699115044252,8.565459610027855,-15.44406779661017,-23.767056303264564,-0.4241781548250266,-33.04321024057086,473.0,471.5,486.3809523809524,12,4,2,2025
2025-12-05,1304,472.5,2560.0,2275.0,1274.0,1213.0,2046.4761904761904,399.3532271060254,425.1094704952629,0.3292277222638297,91.0,0.8333333333333144,-49.0625,-42.68131868131868,2.3547880690737837,7.502061005770816,-36.280714817572594,0.17667844522967796,-45.87190934065934,469.5,471.6666666666667,483.9761904761905,12,4,4,2025
2025-12-06,1904,472.5,2560.0,2275.0,1738.0,1385.75,2054.3809523809523,475.070784199574,420.60616688185695,0.3428257508205477,518.25,0.625,-25.624999999999996,-16.307692307692307,9.551208285385501,37.398520656684106,-7.320012980390335,0.13245033112582782,-20.966346153846153,472.5,471.875,483.0238095238095,12,4,5,2025
2025-12-08,2017,470.5,2560.0,2295.0,2038.0,1512.0,2072.9,498.9634255133325,421.7308820113915,0.3300022655511458,505.0,-1.1000000000000227,-21.2109375,-12.113289760348584,-1.030421982335623,33.3994708994709,-2.69670509913648,-0.2332485156912686,-16.662113630174293,472.5,471.6,481.45,12,4,0,2025
2025-12-09,2126,469.5,776.0,2309.0,2111.0,1782.0,2073.65,341.5618538420228,421.81553401557306,0.1916733186543338,344.0,-1.3999999999999773,173.96907216494844,-7.925508878302296,0.7105637138796779,19.30415263748597,2.524534034190915,-0.29730303673815617,83.02178164332307,470.5,470.9,480.3,12,4,1,2025
2025-12-11,2030,464.0,1559.0,2480.0,2072.0,1876.2,2071.55,329.41797158017886,421.9287137345421,0.17557721542489013,153.79999999999995,-5.800000000000011,30.21167415009622,-18.14516129032258,-2.027027027027027,8.19742031766336,-2.005744490840201,-1.2345679012345703,6.033256429886819,469.5,469.8,478.75,12,4,3,2025
2025-12-12,2205,462.0,1304.0,2560.0,2294.0,2056.4,2067.1,114.45654197117723,419.92366474220916,0.055658695765015184,148.5999999999999,-5.699999999999989,69.09509202453987,-13.8671875,-3.879686137750654,7.226220579653759,6.671181848967158,-1.2187299550994204,27.613952262269933,464.0,467.7,477.05,12,4,4,2025
2025-12-15,2193,461.0,2017.0,2560.0,2125.0,2138.5,2070.157894736842,80.25168741735804,432.2168004290213,0.037527092549617974,54.5,-3.125,8.72583044124938,-14.335937500000002,3.2,2.5485153144727613,5.933948592784686,-0.6733099919202801,-2.8050535293753107,462.0,464.125,474.8421052631579,12,4,0,2025
2025-12-16,2204,457.5,2126.0,776.0,2125.0,2158.0,2076.85,85.50633504795645,421.75214409962706,0.039622954146411704,46.0,-3.625,3.6688617121354654,184.020618556701,3.7176470588235295,2.131603336422614,6.122252449623232,-0.7861208999728925,93.84474013441823,461.0,461.125,473.975,12,4,1,2025
2025-12-17,2121,456.0,2126.0,1559.0,2153.0,2150.6,2075.25,75.87687394720494,421.50867818999257,0.035281723215477054,-29.59999999999991,-4.100000000000023,-0.23518344308560676,36.04874919820398,-1.4862981885740827,-1.3763600855575147,2.204553668232743,-0.8911106281243256,17.906782877559184,457.5,460.1,472.175,12,4,2,2025
2025-12-18,2071,455.5,2030.0,1559.0,2216.0,2158.8,2068.0,60.17640733709546,420.20533827617,0.027874933915645477,-87.80000000000018,-2.8999999999999773,2.019704433497537,32.84156510583707,-6.543321299638989,-4.067074300537343,0.14506769825918764,-0.6326352530540963,17.430634769667304,456.0,458.4,470.3,12,4,3,2025
2025-12-19,2023,457.0,2205.0,1304.0,2260.0,2122.4,2056.15,77.72901646103576,417.84097642398393,0.036623170213454466,-99.40000000000009,-0.39999999999997726,-8.253968253968253,55.13803680981595,-10.486725663716815,-4.683377308707128,-1.6122364613476687,-0.08745080891997754,23.44203427792385,455.5,457.4,468.65,12,4,4,2025
2025-12-22,1979,458.0,2193.0,2017.0,2275.0,2079.6,2029.3157894736842,87.44598332685095,422.68152610993155,0.04204942456571021,-100.59999999999991,1.1999999999999886,-9.758321933424533,-1.8839861179970254,-13.010989010989011,-4.837468743989224,-2.4794460149907906,0.2626970227670728,-5.821154025710779,457.0,456.8,466.44736842105266,12,4,0,2025
2025-12-23,1889,462.0,2204.0,2126.0,2275.0,2016.6,2022.3,88.87519338938051,412.60266346054726,0.04407180074847789,-127.59999999999991,4.300000000000011,-14.292196007259527,-11.147695202257761,-16.967032967032967,-6.3274819002281015,-6.591504722345842,0.9394800087393514,-12.719945604758644,458.0,457.7,466.225,12,4,1,2025
2025-12-24,1877,463.0,2121.0,2126.0,2295.0,1967.8,2001.4,84.07853471605993,408.62985438503824,0.04272717487349321,-90.79999999999995,3.8999999999999773,-11.504007543611504,-11.712135465663218,-18.21350762527233,-4.614290070129076,-6.215649045668037,0.8494881289479367,-11.608071504637362,462.0,459.1,465.525,12,4,2,2025
2026-01-04,2030,462.0,1877.0,2023.0,1304.0,2030.0,2047.7857142857142,,112.3881861923472,,0.0,0.0,8.151305274374002,0.34602076124567477,55.674846625766875,0.0,-0.868533956538418,0.0,4.248663017809839,463.0,462.0,462.17857142857144,1,1,6,2026
2026-01-05,2730,460.0,1877.0,1979.0,1904.0,2380.0,2106.785714285714,494.9747468305833,207.58915733187973,0.20797258270192576,350.0,-1.0,45.44485881726158,37.94845881758464,43.38235294117647,14.705882352941178,29.581284963553152,-0.21691973969631237,41.69665881742311,462.0,461.0,461.2857142857143,1,1,0,2026
2026-01-06,3222,460.0,1877.0,1889.0,1904.0,2660.6666666666665,2181.133333333333,599.0169724918763,350.611886903592,0.22513792501573907,561.3333333333335,-0.6666666666666856,71.65689930740542,70.56643726839597,69.22268907563026,21.097469305938368,47.72136809609684,-0.1447178002894397,71.1116682879007,460.0,460.6666666666667,461.2,1,1,1,2026
2026-01-07,2562,458.5,1877.0,1877.0,2017.0,2636.0,2217.4666666666667,491.5770539803501,360.4877383820588,0.1864859840593134,-74.0,-1.625,36.49440596696857,36.49440596696857,27.020327218641548,-2.8072837632776935,15.537249714388789,-0.35316490084216245,36.49440596696857,460.0,460.125,460.4,1,1,2,2026
2026-01-13,1608,472.0,3222.0,1877.0,2205.0,2085.0,2193.0,674.5798692519664,422.22841369729684,0.32353950563643474,-477.0,6.75,-50.09310986964618,-14.331379861481086,-27.074829931972786,-22.87769784172662,-26.67578659370725,1.4508328855454058,-32.21224486556363,458.5,465.25,460.1923076923077,1,1,1,2026
2026-01-14,1566,477.5,2562.0,1877.0,2193.0,1587.0,2144.769230769231,29.698484809836955,456.6371925730839,0.018713601014390017,-21.0,2.75,-38.875878220140514,-16.56899307405434,-28.59097127222982,-1.3232514177693762,-26.985151710781157,0.5792522380200106,-27.722435647097427,472.0,474.75,461.46153846153845,1,1,2,2026
2026-01-15,1532,477.0,2562.0,1877.0,2204.0,1568.6666666666667,2093.076923076923,38.07011076071875,486.43695404071843,0.024269088882736132,-36.66666666666674,1.5,-40.20296643247463,-18.380394246137456,-30.490018148820326,-2.3374415639609056,-26.806321205439172,0.31545741324921134,-29.291680339306044,477.5,475.5,462.96153846153845,1,1,3,2026
2026-01-16,1567,476.0,2562.0,1877.0,2121.0,1568.25,2050.4615384615386,31.095283672394867,507.5939347195789,0.019828014457130474,-1.25,0.375,-38.83684621389539,-16.515716568993074,-26.119754832626118,-0.07970667941973537,-23.578181272509006,0.07884362680683311,-27.676281391444235,477.0,475.625,464.5,1,1,4,2026
2026-01-19,1650,476.0,2562.0,2730.0,2023.0,1584.6,2017.6666666666667,45.4070479110901,542.5618244341697,0.028655211353710783,65.40000000000009,0.30000000000001137,-35.597189695550355,-39.56043956043956,-18.43796342066238,4.1272245361605515,-18.222369073186854,0.06306495690561517,-37.57881462799496,476.0,475.7,466.8333333333333,1,1,0,2026
2026-01-20,1729,476.0,1608.0,3222.0,2023.0,1608.8,1995.4615384615386,80.03561707140162,525.5969012124252,0.049748643132397824,120.20000000000005,-0.5,7.524875621890548,-46.33767846058349,-14.53287197231834,7.471407260069621,-13.353378821171125,-0.1049317943336831,-19.406401419346473,476.0,476.5,467.53846153846155,1,1,1,2026
2026-01-21,1803,480.0,1566.0,2562.0,1979.0,1656.2,1981.923076923077,112.10575364360223,528.3159505350419,0.06768853619345624,146.79999999999995,3.0,15.134099616858238,-29.625292740046838,-8.893380495199596,8.863663808718751,-9.027750824762274,0.628930817610063,-7.2455965615943,476.0,477.0,469.2307692307692,1,1,2,2026
2026-01-22,1761,484.5,1532.0,2562.0,1889.0,1702.0,1972.076923076923,93.99468070055897,531.3759594264793,0.05522601686284311,59.0,6.0,14.947780678851174,-31.26463700234192,-6.776071995764956,3.466509988249119,-10.70328041502516,1.2539184952978055,-8.158428161745373,480.0,478.5,470.96153846153845,1,1,3,2026
2026-01-23,1762,485.0,1567.0,2562.0,1877.0,1741.0,1963.2307692307693,57.249454145869656,534.041220919347,0.032883086815548336,21.0,4.699999999999989,12.44416081684748,-31.225604996096802,-6.126798082045818,1.2062033314187248,-10.249980409058853,0.9785550697480718,-9.39072208962466,484.5,480.3,472.65384615384613,1,1,4,2026
2026-01-26,1780,488.0,1650.0,2562.0,1877.0,1767.0,1950.142857142857,27.248853186878026,515.4218372650419,0.015420969545488413,13.0,5.300000000000011,7.878787878787878,-30.52302888368462,-5.167820990942994,0.7357102433503113,-8.72463555783459,1.0979904702713925,-11.32212050244837,485.0,482.7,473.75,1,1,0,2026
2026-01-27,1999,487.0,1729.0,1608.0,1877.0,1821.0,1953.4,100.9579120227832,496.8330849346843,0.05544091818933729,178.0,2.1000000000000227,15.615962984384039,24.31592039800995,6.4997336174746945,9.774848984074684,2.3343913177024627,0.4330789853578105,19.965941691196996,488.0,484.9,474.6333333333333,1,1,1,2026
2026-01-28,2016,493.5,1803.0,1566.0,1877.0,1863.6,1957.3125,131.71674153273014,480.24142799915495,0.07067865504009989,152.4000000000001,5.899999999999977,11.813643926788686,28.735632183908045,7.40543420351625,8.177720540888608,2.9983714915221764,1.2100082034454425,20.274638055348365,487.0,487.6,475.8125,1,1,2,2026
2026-01-29,2002,502.0,1761.0,1532.0,1877.0,1911.8,1959.9411764705883,128.8495246401788,465.1180590167729,0.06739696863698023,90.20000000000005,10.899999999999977,13.685406019307212,30.678851174934724,6.659563132658497,4.7180667433832015,2.145922746781113,2.2195072286703272,22.18212859712097,493.5,491.1,477.3529411764706,1,1,3,2026
2026-01-30,2148,503.0,1762.0,1567.0,1877.0,1989.0,1970.388888888889,132.24976370489304,453.40270879194145,0.06649058004268127,159.0,8.300000000000011,21.906923950056754,37.077217613273774,14.437932871603623,7.993966817496228,9.01401302619336,1.6777845158682054,29.492070781665262,502.0,494.7,478.77777777777777,1,1,4,2026
2026-02-01,1882,503.0,1762.0,1567.0,1877.0,1971.1666666666667,1965.7368421052631,126.09586300377465,441.09457818089936,0.06397016809187857,-89.16666666666674,6.916666666666686,6.81044267877412,20.102105934907467,0.26638252530633993,-4.523547814323162,-4.2598195400144565,1.3942549974802658,13.456274306840793,503.0,496.0833333333333,480.05263157894734,2,1,6,2026
2026-02-02,2124,495.0,1780.0,1650.0,1877.0,2028.5,1973.65,96.53134206049366,430.78597384682644,0.04758754846462591,95.5,-2.25,19.325842696629213,28.72727272727273,13.159296750133192,4.707912250431353,7.617865376333185,-0.4524886877828055,24.02655771195097,503.0,497.25,480.8,2,1,0,2026
2026-02-03,2187,494.5,1999.0,1729.0,2030.0,2059.8333333333335,1981.5,113.97616709938394,433.2900450713073,0.05533271321274404,127.16666666666652,-4.0,9.404702351175589,26.4893001735107,7.733990147783251,6.17363864390322,10.370931112793338,-0.802407221664995,17.947001262343143,495.0,498.5,482.425,2,1,1,2026
2026-02-04,2066,503.5,2016.0,1803.0,2730.0,2068.1666666666665,1948.3,111.94001369781355,396.8234527237265,0.05412523830984619,-2.166666666666515,3.3333333333333144,2.4801587301587302,14.586799778147533,-24.32234432234432,-0.10476267225400185,6.041164091772317,0.6664445184938316,8.533479254153132,494.5,500.1666666666667,484.6,2,1,2,2026
2026-02-06,3205,508.5,2148.0,1762.0,2562.0,2292.8,1915.1052631578948,522.4918181177574,376.48430611187314,0.2278837308608502,912.1999999999998,7.600000000000023,49.20856610800745,81.8955732122588,25.097580015612802,39.785415212840185,67.35372523153873,1.5172689159512924,65.55206966013313,503.5,500.9,488.5263157894737,2,1,4,2026
2026-02-07,2650,508.5,2148.0,1762.0,2562.0,2352.3333333333335,1951.85,489.55435517076785,401.6016978104191,0.20811436382489776,297.6666666666665,6.333333333333314,23.370577281191807,50.39727582292849,3.434816549570648,12.65410230976335,35.76862976150832,1.2612014603385293,36.883926552060146,508.5,502.1666666666667,489.525,2,1,5,2026
2026-02-13,2083,509.5,3205.0,2148.0,1566.0,2366.5,1997.157894736842,400.92954493277057,392.67448537177603,0.16941878087165457,-283.5,0.5,-35.007800312012485,-3.026070763500931,33.01404853128991,-11.979716881470527,4.298213250408477,0.09823182711198428,-19.01693553775671,508.5,509.0,492.13157894736844,2,1,4,2026
2026-02-16,2100,510.0,2650.0,2124.0,1567.0,2091.5,2052.6111111111113,12.020815280191735,370.1586526134115,0.005747461286249933,8.5,0.25,-20.754716981132077,-1.1299435028248588,34.014039566049775,0.40640688501075783,2.308712480038965,0.04904364884747425,-10.942330241978468,509.5,509.75,494.8611111111111,2,1,0,2026
2026-02-17,2095,512.5,2650.0,2187.0,1567.0,2092.6666666666665,2054.842105263158,8.736894948067915,359.86097055481855,0.004175005550207669,2.333333333333485,1.8333333333333144,-20.943396226415096,-4.206675811614083,33.69495851946394,0.11150047785919807,1.954305619589159,0.3590078328981686,-12.57503601901459,510.0,510.6666666666667,495.7894736842105,2,1,1,2026
2026-02-18,2063,516.0,2650.0,2066.0,1650.0,2085.25,2076.5789473684213,16.45954636880511,346.26504231897974,0.007893320402256376,-22.25,4.0,-22.150943396226417,-0.14520813165537272,25.03030303030303,-1.0670183431243256,-0.6539095171714715,0.78125,-11.148075763940895,512.5,512.0,497.89473684210526,2,1,2,2026
2026-02-19,2019,532.0,2650.0,2066.0,1729.0,2072.0,2091.842105263158,32.87856444554965,336.34213122915065,0.015868033033566434,-53.0,16.0,-23.81132075471698,-2.2749273959341725,16.7727009832273,-2.557915057915058,-3.482199018744497,3.10077519379845,-13.043124075325576,516.0,516.0,500.8421052631579,2,1,3,2026
2026-02-20,2043,535.5,2083.0,3205.0,1803.0,2064.0,2104.4736842105262,34.365680554881756,329.3252982186227,0.016650039028527984,-21.0,14.299999999999955,-1.9203072491598656,-36.255850234009365,13.311148086522461,-1.0174418604651163,-2.921095410779039,2.743668457405977,-19.088078741584617,532.0,521.2,503.7631578947368,2,1,4,2026
2026-02-23,2112,536.0,2100.0,2650.0,1762.0,2066.4,2143.0,37.75976694843571,315.3214979331806,0.01827321280896037,45.59999999999991,9.600000000000023,0.5714285714285714,-20.30188679245283,19.863791146424518,2.2067363530778117,-1.4465702286514233,1.8237082066869346,-9.865229110512129,535.5,526.4,507.6666666666667,2,1,0,2026
2026-02-24,2129,538.0,2095.0,2650.0,1762.0,2073.2,2142.2631578947367,46.29470812090907,306.45424565237107,0.022330073374932025,55.80000000000018,6.5,1.6229116945107398,-19.660377358490567,20.82860385925085,2.691491414238867,-0.6191189838586747,1.2229539040451554,-9.018732831989913,536.0,531.5,509.2631578947368,2,1,1,2026
2026-02-25,2121,537.5,2063.0,2650.0,1780.0,2084.8,2160.2105263157896,50.201593600205,293.7830981726673,0.024079812739929488,36.19999999999982,1.7000000000000455,2.8114396509936985,-19.962264150943394,19.157303370786515,1.736377590176507,-1.8151252314589275,0.31728256812244227,-8.575412249974848,538.0,535.8,511.86842105263156,2,1,2,2026
2026-02-26,2117,536.5,2019.0,2650.0,1999.0,2104.4,2166.4210526315787,34.8826604489983,291.4235778971688,0.016576059897832302,12.599999999999909,-0.20000000000004547,4.853888063397722,-20.11320754716981,5.902951475737869,0.5987454856491118,-2.281230260920257,-0.0372647661636008,-7.629659741886044,537.5,536.7,514.4736842105264,2,1,3,2026
2026-02-27,2140,543.5,2043.0,2083.0,2016.0,2123.8,2172.9473684210525,10.986355173581412,289.24815829322864,0.0051729707004338505,16.199999999999818,5.2000000000000455,4.7479197258932935,2.7364378300528083,6.15079365079365,0.7627836896129493,-1.5162524826817743,0.9660040869403764,3.742178777973051,536.5,538.3,517.1052631578947,2,1,4,2026
2026-03-02,2028,587.5,2112.0,2100.0,2148.0,2107.0,2175.777777777778,45.02776920967898,296.74519780158533,0.021370559662875644,-79.0,38.89999999999998,-3.977272727272727,-3.428571428571429,-5.58659217877095,-3.749406739439962,-6.791951792462468,7.090776522056139,-3.7029220779220777,543.5,548.6,522.6388888888889,3,1,0,2026
2026-03-03,2242,629.0,2129.0,2095.0,1882.0,2129.6,2195.777777777778,76.31710162211398,287.7765790976145,0.035836355006627525,112.40000000000009,62.200000000000045,5.307656176608737,7.016706443914081,19.128586609989373,5.277986476333588,2.105050096144113,10.973888496824285,6.162181310261409,587.5,566.8,529.6388888888889,3,1,1,2026
2026-03-06,3124,735.0,2140.0,2043.0,2066.0,2464.6666666666665,2266.9375,580.9383214536051,380.0321861369134,0.23570664922380516,659.3333333333335,84.5,45.981308411214954,52.912383749388155,51.210067763794775,26.7514200703273,37.80706349425161,12.99000768639508,49.446846080301555,629.0,650.5,548.46875,3,1,4,2026
2026-03-07,2717,735.0,2140.0,2043.0,2066.0,2527.75,2293.4117647058824,490.8267684903359,383.8137664974287,0.19417536089025256,189.25,63.375,26.962616822429908,32.99069995105237,31.510164569215878,7.486895460389674,18.46978557504873,9.43606923506421,29.97665838674114,735.0,671.625,559.4411764705883,3,1,5,2026
2026-03-08,2843,735.0,2140.0,2043.0,3205.0,2590.8,2272.1176470588234,447.83892193510746,337.3012159689306,0.17285738842639625,252.19999999999982,50.700000000000045,32.850467289719624,39.158100832109646,-11.294851794071763,9.73444495908599,25.125563092217686,7.409031126698823,36.004284060914635,735.0,684.3,572.7647058823529,3,1,6,2026
2026-03-13,2028,1022.5,3124.0,2140.0,2650.0,2529.3333333333335,2235.529411764706,438.7144097625835,327.3371957261866,0.17345061008009363,-501.3333333333335,191.66666666666663,-35.083226632522404,-5.233644859813085,-23.471698113207548,-19.820769636267794,-9.28323334385854,23.0692076228686,-20.158435746167743,735.0,830.8333333333334,603.0,3,1,4,2026
2026-03-16,2038,1036.5,2843.0,2028.0,2083.0,2033.0,2232.8823529411766,7.071067811932873,328.8262995779369,0.003478144521363932,5.0,7.0,-28.315160042208937,0.4930966469428008,-2.160345655304849,0.24594195769798327,-8.727837930398593,0.6799417192812044,-13.911031697633069,1022.5,1029.5,634.0,3,1,0,2026
2026-03-17,2024,1017.0,2843.0,2242.0,2083.0,2030.0,2221.277777777778,7.211102550961757,322.78526928185687,0.003552267266483624,-6.0,-8.333333333333258,-28.807597608160396,-9.723461195361285,-2.8324531925108016,-0.2955665024630542,-8.881274541680217,-0.8127438231469367,-19.26552940176084,1036.5,1025.3333333333333,655.2777777777778,3,1,1,2026
2026-03-18,2064,1014.0,2843.0,2242.0,2100.0,2038.5,2219.277777777778,17.99073835802665,323.6911755426527,0.008825478713773191,25.5,-8.5,-27.400633134013365,-7.939339875111508,-1.7142857142857144,1.2509197939661516,-6.9967707212056,-0.8312958435207823,-17.669986504562438,1017.0,1022.5,683.2777777777778,3,1,2,2026
2026-03-19,2057,1048.5,2843.0,2242.0,2095.0,2042.2,2217.1666666666665,17.640861656966244,324.6718252599822,0.008638165535680269,14.799999999999955,20.799999999999955,-27.646851916989096,-8.251561106155219,-1.8138424821002388,0.7247086475369676,-7.223934450875737,2.0239369465797368,-17.949206511572157,1014.0,1027.7,713.0555555555555,3,1,3,2026
2026-03-20,2056,1053.0,2028.0,3124.0,2063.0,2047.8,2216.777777777778,16.407315441601405,324.87147785575814,0.008012166931146305,8.200000000000045,19.200000000000045,1.3806706114398422,-34.18693982074264,-0.3393116820164809,0.4004297294657704,-7.252769284747634,1.8572257690075495,-16.4031346046514,1048.5,1033.8,742.8888888888889,3,1,4,2026
2026-03-23,2037,1035.5,2038.0,2843.0,2043.0,2047.6,2228.0588235294117,16.562004709581895,331.1954616590192,0.00808849614650415,-10.599999999999909,1.900000000000091,-0.04906771344455348,-28.35033415406261,-0.2936857562408223,-0.5176792342254303,-8.575124745888003,0.18382352941177352,-14.199700933753583,1053.0,1033.6,784.7058823529412,3,1,0,2026
2026-03-24,1989,974.5,2024.0,2843.0,2043.0,2040.6,2214.777777777778,30.533588062987725,326.2100650439055,0.014963044233552743,-51.59999999999991,-50.59999999999991,-1.7292490118577075,-30.03869152303904,-2.643171806167401,-2.5286680388121097,-10.19415040385291,-4.936103794751723,-15.883970267448374,1035.5,1025.1,795.25,3,1,1,2026
2026-03-25,2001,936.5,2064.0,2843.0,2112.0,2028.0,2208.6111111111113,31.448370387036746,329.30178165126006,0.01550708598966309,-27.0,-73.10000000000002,-3.0523255813953485,-29.61660218079494,-5.255681818181818,-1.3313609467455623,-9.40007546220602,-7.240491283676706,-16.334463881095143,974.5,1009.6,817.5,3,1,2,2026
2026-03-26,2014,939.5,2057.0,2843.0,2129.0,2019.4,2202.222222222222,27.116415692348887,332.0413786325198,0.013427956666509302,-5.400000000000091,-48.299999999999955,-2.0904229460379193,-29.159338726697147,-5.401596993893847,-0.267406160245622,-8.546922300706356,-4.889653776068026,-15.624880836367533,936.5,987.8,839.8055555555555,3,1,3,2026
2026-03-27,2031,940.5,2056.0,2028.0,2121.0,2014.4,2197.222222222222,20.069877926890197,334.0081991870624,0.00996320389539823,16.59999999999991,-24.799999999999955,-1.2159533073929962,0.14792899408284024,-4.243281471004243,0.8240667196187405,-7.565107458912766,-2.569149487206045,-0.534012156655078,939.5,965.3,862.1944444444445,3,1,4,2026
2026-03-30,2017,971.5,2037.0,2038.0,2140.0,2010.4,2194.705882352941,16.0249804992169,346.3386645874768,0.007971040837254724,6.599999999999909,19.0,-0.9818360333824251,-1.030421982335623,-5.747663551401869,0.3282928770393906,-8.097024926293212,1.9947506561679789,-1.0061290078590241,940.5,952.5,906.5294117647059,3,1,0,2026
2026-03-31,1995,965.0,1989.0,2024.0,2140.0,2011.6,2183.6111111111113,14.135062787277594,339.2790173794841,0.007026776092303438,-16.59999999999991,14.399999999999977,0.301659125188537,-1.4328063241106719,-6.775700934579438,-0.8252137601908883,-8.637577916295646,1.5148327372185963,-0.5655735994610674,971.5,950.6,909.7777777777778,3,1,1,2026
2026-04-02,1955,958.0,2014.0,2057.0,2242.0,1999.5,2175.8823529411766,33.161222333729945,351.8253974546452,0.016584757356204023,-44.5,-0.75,-2.929493545183714,-4.958677685950414,-12.80107047279215,-2.225556389097274,-10.151392268180594,-0.07822685788787484,-3.944085615567064,965.0,958.75,948.0882352941177,4,2,3,2026
2026-04-03,2233,958.5,2031.0,2056.0,2242.0,2050.0,2179.0555555555557,124.67023167808324,341.5861741626647,0.06081474716004061,183.0,-4.75,9.945839487936976,8.608949416342412,-0.40142729705619984,8.926829268292682,2.475588302781526,-0.4931222424085129,9.277394452139694,958.0,963.25,948.6666666666666,4,2,4,2026
2026-04-06,3037,977.5,2017.0,2037.0,2717.0,2305.0,2142.294117647059,503.19247477149963,307.649306172201,0.21830476128915385,732.0,12.75,50.57015369360436,49.09180166912125,11.777695988222305,31.757049891540127,41.763914440264685,1.3215859030837005,49.83097768136281,958.5,964.75,975.5,4,2,0,2026
2026-04-08,2936,919.0,1995.0,2001.0,2843.0,2540.25,2147.764705882353,529.2443512531167,321.4071657204798,0.20834341157489095,395.75,-34.25,47.16791979949875,46.72663668165917,3.27119240239184,15.579175278023815,36.70026292725678,-3.5929714135851034,46.94727824057896,977.5,953.25,986.3235294117648,4,2,2,2026
2026-04-13,2250,891.5,3037.0,2017.0,2028.0,2593.0,2160.823529411765,485.0752518939687,320.7462461382301,0.1870710574215074,-343.0,-13.75,-25.913730655251893,11.551809618244919,10.946745562130179,-13.22792132664867,4.126966842707022,-1.5189174261253797,-7.180960518503487,919.0,905.25,978.6176470588235,4,2,0,2026
2026-04-14,2354,889.0,3037.0,1995.0,2028.0,2513.3333333333335,2171.5555555555557,369.71520571019556,314.48318429228567,0.14710154073349954,-159.33333333333348,-10.833333333333371,-22.489298649983535,17.99498746867168,16.074950690335303,-6.339522546419103,8.401555464592708,-1.2039266530839086,-2.247155590655927,891.5,899.8333333333334,973.6388888888889,4,2,1,2026
2026-04-15,2484,861.5,2936.0,1995.0,2038.0,2362.6666666666665,2196.3333333333335,117.24049357339257,320.8470407054008,0.04962210506774516,121.33333333333348,-19.16666666666663,-15.39509536784741,24.51127819548872,21.884200196270854,5.135440180586914,13.097586887236295,-2.1763815291445834,4.558091413820655,889.0,880.6666666666666,963.9166666666666,4,2,2,2026
2026-04-16,2523,856.0,2936.0,1955.0,2024.0,2402.75,2224.0555555555557,124.86092262993849,326.58725025044254,0.051965840237202576,120.25,-18.5,-14.066757493188012,29.053708439897697,24.654150197628457,5.004682135053584,13.441410836060244,-2.115494568324757,7.4934754733548425,861.5,874.5,954.9722222222222,4,2,3,2026
2026-04-17,2567,838.5,2936.0,2233.0,2064.0,2435.6,2252.0,130.72222458327255,333.5322543711234,0.053671466818554996,131.4000000000001,-28.799999999999955,-12.568119891008175,14.95745633676668,24.370155038759687,5.394974544260145,13.987566607460037,-3.320650294015906,1.194668222879253,856.0,867.3,945.2222222222222,4,2,4,2026
2026-04-20,2633,828.5,2250.0,3037.0,2056.0,2512.2,2297.4117647058824,104.32497304097137,346.8434551104326,0.04152733581759867,120.80000000000018,-26.200000000000045,17.022222222222222,-13.302601251234773,28.06420233463035,4.808534352360488,14.60723064317902,-3.065403065403071,1.8598104854937247,838.5,854.7,925.9411764705883,4,2,0,2026
2026-04-21,2640,819.5,2354.0,3037.0,2056.0,2569.4,2316.4444444444443,67.97278867311024,346.04083781818287,0.026454732105982034,70.59999999999991,-21.299999999999955,12.149532710280374,-13.072110635495553,28.404669260700388,2.74772320386082,13.967766692248663,-2.533301617507131,-0.4612889626075898,828.5,840.8,920.0277777777778,4,2,1,2026
2026-04-22,2675,828.0,2484.0,2936.0,2037.0,2607.6,2351.8888888888887,61.32536180080178,348.4006971170343,0.023517932888787306,67.40000000000009,-6.100000000000023,7.689210950080515,-8.889645776566757,31.32056946489936,2.5847522626169694,13.738366324939774,-0.731327178995327,-0.6002174132431213,819.5,834.1,908.5,4,2,2,2026
2026-04-23,2673,849.0,2523.0,2936.0,1989.0,2637.6,2389.8888888888887,43.76985263853627,343.76323741594933,0.016594575613639775,35.40000000000009,16.299999999999955,5.945303210463734,-8.957765667574932,34.38914027149321,1.34212920837125,11.846203914640393,1.9574876906448844,-1.5062312285555994,828.0,832.7,901.5277777777778,4,2,3,2026
2026-04-24,2665,864.0,2567.0,2936.0,2001.0,2657.2,2426.777777777778,19.421637418074273,335.0944652685215,0.007309061199034425,7.800000000000182,26.200000000000045,3.8176860148032725,-9.230245231607629,33.183408295852075,0.29354207436399904,9.816400347969413,3.127238004296974,-2.7062796084021783,849.0,837.8,897.5,4,2,4,2026
2026-04-27,2666,859.5,2633.0,2250.0,2031.0,2663.8,2488.4117647058824,13.989281611259768,313.70010735245694,0.005251626102282366,2.199999999999818,15.5,1.2533232054690469,18.488888888888887,31.26538650910881,0.08258878294165545,7.1366096967118136,1.8364928909952605,9.871106047178968,864.0,844.0,890.2647058823529,4,2,0,2026
2026-04-28,2677,871.0,2640.0,2354.0,2031.0,2671.2,2498.8888888888887,5.403702434360902,307.56288479687674,0.002022949398907196,5.800000000000182,16.700000000000045,1.4015151515151516,13.721325403568393,31.806991629739045,0.2171308775082428,7.127612272120952,1.9548168090834657,7.561420277541773,859.5,854.3,889.1944444444445,4,2,1,2026
2026-04-29,2670,889.0,2675.0,2484.0,2017.0,2670.2,2535.1666666666665,4.969909455827113,285.06825807989856,0.0018612498898311414,-0.1999999999998181,22.5,-0.1869158878504673,7.487922705314009,32.37481408031731,-0.007490075649757252,5.318519492472559,2.5966532025389495,3.6505034087317707,871.0,866.5,884.6111111111111,4,2,2,2026
2026-04-30,2686,906.5,2673.0,2523.0,1995.0,2672.8,2573.5555555555557,8.757853618274023,252.74149132643484,0.0032766587916320047,13.199999999999818,28.5,0.4863449307893753,6.460562822037256,34.636591478696744,0.4938641125411485,4.369225455487432,3.2460136674259683,3.473453876413316,889.0,878.0,881.3611111111111,4,2,3,2026
2026-05-01,1851,901.0,2665.0,2567.0,1995.0,2510.0,2535.5263157894738,368.4704872849377,296.32365346414866,0.14680099095017438,-659.0,15.600000000000023,-30.544090056285178,-27.89248149590962,-7.218045112781955,-26.25498007968127,-26.997405293201872,1.761915518409761,-29.2182857760974,906.5,885.4,882.3947368421053,5,2,4,2026
2026-05-02,1936,901.0,2665.0,2567.0,1955.0,2414.3333333333335,2534.5263157894738,404.38727312647507,298.4162581996772,0.16749438345705164,-478.3333333333335,13.0,-27.354596622889304,-24.581223217763927,-0.9718670076726342,-19.812232500345168,-23.614918182573305,1.4639639639639639,-25.967909920326615,901.0,888.0,879.3947368421053,5,2,5,2026
2026-05-03,2138,901.0,2665.0,2567.0,2233.0,2374.8571428571427,2529.5263157894738,383.6441183229704,304.4832358861062,0.16154408254696784,-236.85714285714266,11.14285714285711,-19.774859287054408,-16.71211530970004,-4.2543663233318405,-9.973532242540898,-15.478246395206094,1.2522074169208504,-18.243487298377225,901.0,889.8571428571429,876.3684210526316,5,2,6,2026
2026-05-05,2832,939.5,2677.0,2640.0,2233.0,2352.1666666666665,2544.65,427.30149387366583,303.9820415402018,0.1816629322781829,479.8333333333335,33.16666666666663,5.790063503922301,7.2727272727272725,26.82489923869234,20.3996315453837,11.29231917945493,3.659433615299738,6.531395388324787,901.0,906.3333333333334,879.525,5,2,1,2026
2026-05-06,2981,925.5,2670.0,2675.0,3037.0,2404.0,2541.85,488.1036775112432,299.43214238745054,0.2030381354040113,577.0,13.083333333333371,11.647940074906368,11.439252336448599,-1.8439249259137307,24.001663893510816,17.276786592442516,1.4339209060188187,11.543596205677483,939.5,912.4166666666666,876.925,5,2,2,2026
2026-05-08,3063,906.0,1851.0,2665.0,2936.0,2590.0,2548.2,516.5254107979576,309.4110874752765,0.19943066053975197,473.0,-8.600000000000023,65.47811993517017,14.934333958724203,4.325613079019074,18.26254826254826,20.20249587944432,-0.9403017712661298,40.20622694694718,925.5,914.6,876.275,5,2,4,2026
2026-05-13,3189,912.0,2981.0,2670.0,2250.0,3126.0,2595.15,89.09545442943606,332.1845199029593,0.02850142496143188,63.0,3.0,6.977524320697752,19.43820224719101,41.733333333333334,2.015355086372361,22.88307034275475,0.33003300330033003,13.20786328394438,906.0,909.0,877.3,5,2,2,2026
2026-05-14,3195,911.0,2981.0,2686.0,2354.0,3149.0,2637.2,74.53858061429462,352.65065462937685,0.0236705559270545,46.0,1.3333333333333712,7.17879906071788,18.95011169024572,35.72642310960068,1.4607812003810734,21.15122099196118,0.1465738365701764,13.0644553754818,912.0,909.6666666666666,878.4,5,2,3,2026
2026-05-15,3151,919.0,3063.0,1851.0,2484.0,3178.3333333333335,2670.55,23.860706890761367,368.5792744837251,0.007507301591220147,-27.333333333333485,5.0,2.87300032647731,70.23230686115613,26.851851851851855,-0.8599895123230252,17.99067607796146,0.5470459518599562,36.55265359381672,911.0,914.0,881.275,5,2,4,2026
2026-05-18,3092,926.0,3063.0,2138.0,2567.0,3156.75,2705.9473684210525,47.359441156568074,387.47637543529,0.015002594806864045,-64.75,9.0,0.9467841984982043,44.62114125350795,20.451889365017532,-2.0511602122436052,14.266819675957448,0.9814612868047983,22.78396272600308,919.0,917.0,887.2105263157895,5,2,0,2026
2026-05-19,3054,927.5,3063.0,2832.0,2567.0,3136.2,2723.35,61.59301908493287,385.0882708104615,0.019639378574367986,-82.19999999999982,8.399999999999977,-0.2938295788442703,7.838983050847458,18.97156213478769,-2.621006313372866,12.141296564892508,0.9139375476009114,3.772576736001594,926.0,919.1,889.225,5,2,1,2026
2026-05-20,3005,923.0,3189.0,2981.0,2633.0,3099.4,2741.95,75.54667431460528,389.4537976786434,0.024374612607151475,-94.40000000000009,1.7000000000000455,-5.7698338037002195,0.8050989600805099,14.12837067983289,-3.0457507904755787,9.593537445978233,0.18452187126886416,-2.4823674218098546,927.5,921.3,893.95,5,2,2,2026
2026-05-21,2964,903.5,3195.0,2981.0,2640.0,3053.2,2758.15,73.05956473999291,391.7218770344214,0.02392884997379566,-89.19999999999982,-16.299999999999955,-7.230046948356808,-0.5702784300570278,12.272727272727273,-2.921524957421716,7.463335931693342,-1.772124374864096,-3.900162689206918,923.0,919.8,898.15,5,2,3,2026
2026-05-22,2991,890.0,3151.0,3063.0,2675.0,3021.2,2773.95,51.31958690400127,394.5541754543006,0.016986491097577543,-30.199999999999818,-24.0,-5.077753094255791,-2.3506366307541624,11.813084112149532,-0.9996028068317165,7.824582274374095,-2.62582056892779,-3.7141948625049768,903.5,914.0,901.25,5,2,4,2026
2026-05-26,3085,866.0,3054.0,3063.0,2665.0,3011.25,2801.3684210526317,52.02803731319461,409.4843926650434,0.017277887028043042,73.75,-29.625,1.015062213490504,0.7182500816193275,15.75984990619137,2.4491490244914904,10.124751061511288,-3.307745987438939,0.8666561475549157,890.0,895.625,904.1052631578947,5,2,1,2026
2026-05-27,3124,855.5,3005.0,3189.0,2666.0,3041.0,2825.4736842105262,75.8375456705298,414.5225323484401,0.02493835766870431,83.0,-23.25,3.9600665557404326,-2.0382565067419254,17.179294823705927,2.7293653403485694,10.565531629535805,-2.6458036984352775,0.9609050244992536,866.0,878.75,903.8947368421053,5,2,2,2026
2026-05-28,3226,856.0,2964.0,3195.0,2677.0,3106.5,2854.3684210526317,97.27795228105921,422.65262996228626,0.031314325537118694,119.5,-10.875,8.83940620782726,0.9702660406885759,20.508031378408667,3.8467728955416067,13.019748123836036,-1.2545061283345351,4.904836124257918,855.5,866.875,903.1052631578947,5,2,3,2026
2026-05-29,3224,843.5,2991.0,3151.0,2670.0,3164.75,2883.5263157894738,71.37401487933657,428.29874937180534,0.022552812980278558,59.25,-11.75,7.79003677699766,2.316724849254205,20.749063670411985,1.8721857966664035,11.807545585631624,-1.373867290266004,5.053380813125933,856.0,855.25,900.7105263157895,5,2,4,2026
2026-06-01,1830,850.0,2991.0,3092.0,1936.0,2897.8,2949.6470588235293,600.1101565546094,381.9831379093341,0.20709164074629352,-1067.8000000000002,-4.2000000000000455,-38.81644934804413,-40.815006468305306,-5.475206611570248,-36.84864379874388,-37.958679004467136,-0.4916881292437421,-39.81572790817472,843.5,854.2,897.3529411764706,6,2,0,2026
2026-06-02,1923,849.5,3085.0,3054.0,2138.0,2665.4,2937.0,722.0926533347356,412.8477322209758,0.27091342887924347,-742.4000000000001,-1.3999999999999773,-37.66612641815235,-37.03339882121807,-10.056127221702525,-27.853230284385084,-34.52502553626149,-0.16453167234692412,-37.34976261968521,850.0,850.9,894.3235294117648,6,2,1,2026
2026-06-03,2010,864.5,3124.0,3005.0,2138.0,2442.6,2885.5,717.0612247221289,456.24300155793134,0.29356473623275564,-432.5999999999999,11.799999999999955,-35.65941101152369,-33.11148086522462,-5.9869036482694105,-17.710636207320064,-30.34136198232542,1.3838395684296885,-34.385445938374154,849.5,852.7,892.6666666666666,6,2,2,2026
2026-06-05,2991,855.5,3224.0,2991.0,2981.0,2188.5,2889.235294117647,540.0249994213235,470.21212359580124,0.24675576852699269,802.5,0.625,-7.227047146401985,0.0,0.33545790003354575,36.66895133653187,3.522202088889802,0.07311010381634742,-3.6135235732009927,864.5,854.875,885.7941176470588,6,2,4,2026
2026-06-07,2797,855.5,3224.0,2991.0,3063.0,2310.2,2873.5882352941176,541.0865919610279,468.4910696618919,0.23421634142542982,486.8000000000002,0.5,-13.244416873449131,-6.486125041792043,-8.684296441397322,21.07176867803654,-2.665247384905117,0.058479532163742694,-9.865270957620588,855.5,855.0,882.8235294117648,6,2,6,2026
2026-06-08,3057,857.5,1830.0,2991.0,3063.0,2555.6,2883.777777777778,547.0628848679089,456.55443017500187,0.2140643625246161,501.4000000000001,1.0,67.04918032786885,2.206619859578736,-0.1958863858961802,19.61965878854281,6.006781228327038,0.11675423234092236,34.627900093723795,855.5,856.5,881.4166666666666,6,2,0,2026
2026-06-15,2720,784.5,3057.0,1830.0,3151.0,2720.0,2818.3125,,464.78220257808493,,0.0,0.0,-11.023879620543015,48.63387978142077,-13.67819739765154,0.0,-3.488346306522076,0.0,18.805000080438877,857.5,784.5,869.25,6,2,0,2026
2026-06-16,2670,757.5,3057.0,1923.0,3151.0,2695.0,2809.5882352941176,35.35533905932738,451.45875487462155,0.013118864214963777,-25.0,-13.5,-12.659470068694798,38.84555382215289,-15.264995239606474,-0.927643784786642,-4.968280886878961,-1.7509727626459144,13.093041876729044,784.5,771.0,862.6764705882352,6,2,1,2026
2026-06-17,2653,742.0,3057.0,2010.0,3092.0,2681.0,2783.764705882353,34.828149534535996,446.8268022136464,0.012990730896880267,-28.0,-19.33333333333337,-13.215570821066406,31.99004975124378,-14.197930142302717,-1.0443864229765014,-4.697405122136767,-2.539404553415066,9.387239465088687,757.5,761.3333333333334,851.8529411764706,6,2,2,2026
2026-06-18,2659,738.5,3057.0,2010.0,3054.0,2675.5,2760.529411764706,30.490435658853198,442.1416794488898,0.011396163580210502,-16.5,-17.125,-13.019299967288193,32.288557213930346,-12.933857236411264,-0.6167071575406466,-3.677896396684352,-2.2663358147229116,9.634628623321078,742.0,755.625,840.7352941176471,6,2,3,2026
2026-06-19,2722,736.0,3057.0,2991.0,3005.0,2684.8,2743.8823529411766,33.61101010085829,437.6668085360371,0.012518999590605737,37.19999999999982,-15.700000000000045,-10.958456002616945,-8.993647609495152,-9.417637271214643,1.3855780691299098,-0.7974960339578995,-2.088599175202879,-9.976051806056049,738.5,751.7,829.7352941176471,6,2,4,2026
2026-06-22,2684,734.5,2720.0,3057.0,2991.0,2677.6,2710.9375,27.482721844824617,442.8345769020331,0.010263938543779735,6.400000000000091,-7.2000000000000455,-1.3235294117647058,-12.201504743212299,-10.264125710464727,0.23902001792650476,-0.9936599423631124,-0.9707428879600978,-6.762517077488503,736.0,741.7,815.40625,6,2,0,2026
2026-06-23,2667,723.5,2670.0,3057.0,2991.0,2677.0,2708.3529411764707,27.72183255125823,428.90513828475093,0.010355559413992615,-10.0,-11.399999999999977,-0.11235955056179776,-12.757605495583906,-10.832497492477431,-0.3735524841240194,-1.526866773815217,-1.5512314600625905,-6.434982523072852,734.5,734.9,810.0,6,2,1,2026
2026-06-24,2634,722.0,2653.0,3057.0,2991.0,2673.2,2704.222222222222,32.69097734849783,416.46799969654836,0.012229155075751098,-39.19999999999982,-8.899999999999977,-0.7161703731624576,-13.837095191364082,-11.9358074222668,-1.4664073021098243,-2.596762264771138,-1.2176768367765738,-7.2766327822632695,723.5,730.9,805.1111111111111,6,2,2,2026
2026-06-25,2591,709.0,2659.0,3057.0,3085.0,2659.6,2676.777777777778,49.76243563170916,406.0458617324744,0.018710496176759347,-68.59999999999991,-16.0,-2.557352388115833,-15.243702976774614,-16.012965964343596,-2.579335238381708,-3.2045162093727964,-2.206896551724138,-8.900527682445224,722.0,725.0,796.3888888888889,6,2,3,2026
2026-06-26,2524,707.0,2722.0,3057.0,3124.0,2620.0,2643.4444444444443,64.33894621455961,391.54133163573846,0.024556849700213594,-96.0,-12.200000000000045,-7.274063188831742,-17.435394177298004,-19.206145966709347,-3.6641221374045805,-4.518515404985075,-1.696329254727481,-12.354728683064874,709.0,719.2,788.1388888888889,6,2,4,2026
2026-06-29,2490,706.5,2684.0,2720.0,3224.0,2581.2,2566.0,73.88301563959061,340.1606238235144,0.02862351450472285,-91.19999999999982,-7.100000000000023,-7.228017883755589,-8.455882352941178,-22.766749379652605,-3.5332403533240284,-2.9618082618862043,-0.9949551569506758,-7.841950118348383,707.0,713.6,776.0882352941177,6,2,0,2026
2026-06-30,2501,700.5,2667.0,2670.0,3224.0,2548.0,2562.3888888888887,62.03627970792563,330.3597217453065,0.02434704855099122,-47.0,-8.5,-6.224221972253469,-6.329588014981273,-22.425558312655085,-1.8445839874411303,-2.395767838171837,-1.1988716502115657,-6.2769049936173715,706.5,709.0,771.8888888888889,6,2,1,2026
2026-07-01,1776,690.5,2634.0,2653.0,1830.0,2376.4,2559.3888888888887,337.9161138507603,337.56831794623156,0.1421966478079281,-600.4000000000001,-12.200000000000045,-32.57403189066059,-33.05691669807765,-2.9508196721311477,-25.265106884362904,-30.60843517332696,-1.7361605236943283,-32.815474294369125,700.5,702.7,763.0277777777778,7,3,2,2026
2026-07-04,2095,684.5,2524.0,2722.0,2010.0,2215.5,2601.823529411765,348.58810459719746,297.4281920258522,0.15734060239097156,-120.5,-11.0,-16.996830427892235,-23.034533431300513,4.228855721393035,-5.438952832317761,-19.47955054147544,-1.5815959741193386,-20.015681929596376,690.5,695.5,747.3529411764706,7,3,5,2026
2026-07-05,3034,684.5,2524.0,2722.0,2991.0,2379.2,2604.3529411764707,474.4720223574832,301.10482833568335,0.1994250262094331,654.8000000000002,-8.799999999999955,20.206022187004756,11.462160176340925,1.4376462721497827,27.521856086079367,16.49726701901793,-1.269291792874651,15.83409118167284,684.5,693.3,737.2941176470588,7,3,6,2026
2026-07-07,2875,676.5,2501.0,2667.0,2797.0,2445.0,2608.9411764705883,606.0478528961224,304.79551969071315,0.2478723324728517,430.0,-7.5,14.954018392642944,7.799025121859768,2.788702180908116,17.586912065439673,10.197961760461759,-1.0964912280701753,11.376521757251355,684.5,684.0,726.7647058823529,7,3,1,2026
2026-07-08,3089,693.5,1776.0,2634.0,3057.0,2773.25,2610.823529411765,461.18136345693773,307.8193941449551,0.1662963539013568,315.75,8.75,73.93018018018019,17.27410782080486,1.0467778868171411,11.385558460290273,18.31515861571737,1.2778386272362174,45.60214400049252,676.5,684.75,717.1176470588235,7,3,2,2026
2026-07-13,2960,724.5,3034.0,2490.0,3057.0,2974.6666666666665,2630.222222222222,107.75125675987903,309.7622533408059,0.036222968431156105,-14.666666666666515,26.33333333333337,-2.4390243902439024,18.87550200803213,-3.1730454694144585,-0.4930524428507345,12.538019601216629,3.77178324182383,8.218238808894114,693.5,698.1666666666666,717.5277777777778,7,3,0,2026
2026-07-14,2980,758.5,2875.0,2501.0,3057.0,3009.6666666666665,2648.6315789473683,69.42862041934424,311.54636011824346,0.023068541506039732,-29.666666666666515,33.0,3.6521739130434785,19.15233906437425,-2.5188092901537456,-0.9857127035109042,12.510929178920598,4.548587181254307,11.402256488708865,724.5,725.5,719.6842105263158,7,3,1,2026
2026-07-15,2929,777.0,3089.0,1776.0,2720.0,2956.3333333333335,2659.6315789473683,25.696951829611585,317.8324524592471,0.008692169972808068,-27.333333333333485,23.66666666666663,-5.179669796050502,64.92117117117117,7.683823529411765,-0.924568722516636,10.128035145350566,3.141592920353977,29.87075068756033,758.5,753.3333333333334,719.2894736842105,7,3,2,2026
2026-07-16,2840,782.0,3089.0,1776.0,2670.0,2927.25,2668.5789473684213,61.83513025241694,320.5220248610927,0.0211239662660917,-87.25,21.5,-8.060861120103594,59.909909909909906,6.367041198501873,-2.980613203518661,6.423683016784008,2.827087442472058,25.924524394903155,777.0,760.5,720.578947368421,7,3,3,2026
2026-07-17,2752,782.0,3089.0,1776.0,2653.0,2892.2,2673.7894736842104,94.92207330226209,321.0589386783452,0.03282002396178069,-140.19999999999982,17.200000000000045,-10.909679507931369,54.95495495495496,3.731624575951753,-4.84752091833206,2.9250816896972607,2.2489539748954037,22.022637723511792,782.0,764.8,722.6842105263158,7,3,4,2026
2026-07-20,2671,793.0,2960.0,3034.0,2722.0,2834.4,2671.777777777778,126.16378244171351,330.1346526629571,0.044511636480988395,-163.4000000000001,14.5,-9.763513513513514,-11.96440342781806,-1.8736223365172666,-5.76488851255998,-0.029110870830909318,1.8625561978163132,-10.863958470665787,782.0,778.5,724.9722222222222,7,3,0,2026
2026-07-21,2670,793.0,2980.0,2875.0,2722.0,2772.4,2671.684210526316,112.11288953550357,320.83347231713,0.04043893000126373,-102.40000000000009,7.600000000000023,-10.40268456375839,-7.130434782608695,-1.9103600293901544,-3.6935507141826607,-0.06303928135219437,0.9676597911892059,-8.766559673183544,793.0,785.4,728.5526315789474,7,3,1,2026
2026-07-22,2715,809.5,2929.0,3089.0,2684.0,2729.6,2673.315789473684,70.51453750823322,320.9783745972096,0.025833286015618854,-14.599999999999909,17.600000000000023,-7.306247866165927,-12.107478148268049,1.1549925484351715,-0.5348769050410284,1.5592699781465968,2.22250284126784,-9.706863007216988,793.0,791.9,732.5,7,3,2,2026
2026-07-23,2725,831.5,2840.0,3089.0,2667.0,2706.6,2676.3684210526317,35.627236771886004,321.190703222026,0.013163096420559375,18.40000000000009,29.700000000000045,-4.049295774647888,-11.783748786014892,2.1747281589801273,0.679819699992614,1.8170734105523945,3.7041656273384946,-7.91652228033139,809.5,801.8,738.1842105263158,7,3,3,2026
2026-07-24,2743,835.5,2752.0,3089.0,2634.0,2704.8,2682.1052631578946,32.8816058002042,321.36529833005073,0.012156760499927609,38.19999999999982,23.0,-0.32703488372093026,-11.20103593395921,4.138192862566439,1.412304052055598,2.2704081632653126,2.830769230769231,-5.76403540884007,831.5,812.5,744.1578947368421,7,3,4,2026
2026-07-27,2696,825.0,2671.0,2960.0,2524.0,2709.8,2696.722222222222,27.994642344563385,327.3792198579099,0.010330888753621441,-13.800000000000182,6.100000000000023,0.9359790340696369,-8.91891891891892,6.814580031695722,-0.5092626762122733,-0.026781483694194783,0.7449016973989526,-3.9914699424246414,835.5,818.9,752.6666666666666,7,3,0,2026
2026-07-28,2664,805.0,2670.0,2980.0,2524.0,2708.6,2695.0,30.1711782998281,318.2439665134667,0.011139030606153769,-44.59999999999991,-16.299999999999955,-0.22471910112359553,-10.604026845637584,5.54675118858954,-1.6466071033005947,-1.150278293135436,-1.9846584682819868,-5.41437297338059,825.0,821.3,755.421052631579,7,3,1,2026
2026-07-29,2632,807.5,2715.0,2929.0,2490.0,2692.0,2702.4736842105262,44.97221364353791,314.81111946002613,0.016705874310378125,-60.0,-13.399999999999977,-3.057090239410681,-10.139979515192898,5.7028112449799195,-2.2288261515601784,-2.6077472880596697,-1.6323547326105465,-6.598534877301789,805.0,820.9,760.7368421052631,7,3,2,2026
2026-07-30,2673,815.0,2725.0,2840.0,2501.0,2681.6,2711.5263157894738,41.29527818044113,311.14740494232234,0.015399492161560684,-8.599999999999909,-2.6000000000000227,-1.908256880733945,-5.880281690140845,6.8772491003598555,-0.3207040572792329,-1.4208350317358671,-0.3180039138943276,-3.894269285437395,807.5,817.6,766.7631578947369,7,3,3,2026
2026-07-31,2732,814.5,2743.0,2752.0,1776.0,2679.4,2761.842105263158,37.306835834736965,213.40318209590367,0.013923578351398434,52.59999999999991,1.1000000000000227,-0.40102078016769954,-0.7267441860465116,53.82882882882883,1.9631260730014148,-1.0805145307289195,0.13523481681829638,-0.5638824831071055,815.0,813.4,773.2894736842105,7,3,4,2026
2026-08-01,1718,814.5,2743.0,2752.0,1776.0,2519.1666666666665,2709.65,393.90578399747665,312.4489474087636,0.15636352656201521,-801.1666666666665,0.9166666666666288,-37.36784542471746,-37.57267441860465,-3.2657657657657655,-31.802844856103206,-36.596977469414874,0.11267028577281107,-37.470259921661054,814.5,813.5833333333334,775.35,8,3,5,2026
2026-08-04,2139,806.5,2664.0,2670.0,3034.0,2378.8,2694.8947368421054,438.62706254858483,306.71827368972816,0.18439005488001714,-239.80000000000018,-5.100000000000023,-19.707207207207208,-19.8876404494382,-29.49901120632828,-10.080712964519932,-20.627697595844,-0.6283883686545124,-19.797423828322707,814.5,811.6,786.5526315789474,8,3,1,2026
2026-08-05,2978,791.5,2632.0,2715.0,3034.0,2448.0,2709.05,510.03970433682923,305.1756138081156,0.20834955242517533,530.0,-16.899999999999977,13.145896656534955,9.686924493554327,-1.845748187211602,21.65032679738562,9.927834480722018,-2.0905492330529416,11.41641057504464,806.5,808.4,786.8,8,3,2,2026
2026-08-06,2916,789.0,2673.0,2725.0,2875.0,2496.6,2711.1,547.0720245086566,306.4839482359851,0.21912682228176583,419.4000000000001,-14.200000000000045,9.090909090909092,7.009174311926605,1.4260869565217391,16.798846431146362,7.557817859909266,-1.7679282868525954,8.050041701417848,791.5,803.2,792.425,8,3,3,2026
2026-08-07,2871,794.5,2732.0,2743.0,3089.0,2524.4,2700.2,565.2541906080841,296.0351330501199,0.22391625360801934,346.5999999999999,-4.7000000000000455,5.087847730600293,4.666423623769595,-7.057300097118809,13.72999524639518,6.325457373527894,-0.5880880880880938,4.877135677184944,789.0,799.2,797.475,8,3,4,2026
2026-08-13,2844,814.5,2916.0,2673.0,2980.0,2857.5,2679.3684210526317,19.091883092053717,291.71413147622144,0.006681323916729209,-13.5,10.0,-2.4691358024691357,6.397306397306397,-4.563758389261745,-0.47244094488188976,6.144417380372433,1.2430080795525171,1.9640852974186307,794.5,804.5,804.2631578947369,8,3,3,2026
2026-08-14,2863,813.0,2871.0,2732.0,2929.0,2853.5,2675.8947368421054,13.43502884256847,288.9563394041972,0.0047082631303902115,9.5,-0.75,-0.2786485545106235,4.79502196193265,-2.2533287811539777,0.3329244787103557,6.992250501553826,-0.09216589861751152,2.2581867037110133,814.5,813.75,806.1578947368421,8,3,4,2026
2026-08-17,2878,817.0,2871.0,1718.0,2752.0,2861.6666666666665,2673.777777777778,17.039170558852287,298.12819105320443,0.005954282082301324,16.333333333333485,2.1666666666666288,0.24381748519679552,67.52037252619326,4.578488372093023,0.5707629586488114,7.637965425531913,0.2659030476580031,33.88209500569503,813.0,814.8333333333334,809.4444444444445,8,3,0,2026
2026-08-18,2815,821.0,2871.0,2139.0,2752.0,2850.0,2681.2105263157896,27.166155414416206,291.5343659840292,0.00953198435593551,-35.0,4.625,-1.9505398815743642,31.603553062178584,2.2892441860465116,-1.2280701754385965,4.989890662112552,0.566528862348798,14.82650659030211,817.0,816.375,810.0526315789474,8,3,1,2026
2026-08-19,2776,823.0,2871.0,2978.0,2671.0,2835.2,2686.7368421052633,40.60418697622399,292.3241811766298,0.014321454210011285,-59.19999999999982,5.2999999999999545,-3.308951584813654,-6.783075889858965,3.931111943092475,-2.0880361173814834,3.322363265945769,0.6481594716888779,-5.04601373733631,821.0,817.7,811.6315789473684,8,3,2,2026
2026-08-20,2791,825.0,2844.0,2916.0,2670.0,2824.6,2693.1052631578946,44.46684157886814,293.2558410400309,0.0157427039506012,-33.59999999999991,5.2000000000000455,-1.8635724331926864,-4.286694101508917,4.531835205992509,-1.1895489626849787,3.6350133870116736,0.634301049036356,-3.0751332673508016,823.0,819.8,813.3157894736842,8,3,3,2026
2026-08-21,2841,823.5,2863.0,2871.0,2715.0,2820.2,2699.7368421052633,40.641112189507766,295.19670317815843,0.014410719874302449,20.800000000000182,1.6000000000000227,-0.7684247293049249,-1.044932079414838,4.640883977900553,0.7375363449400816,5.23247879910322,0.19467088453583437,-0.9066784043598815,825.0,821.9,814.0526315789474,8,3,4,2026
2026-08-24,2882,820.5,2878.0,2871.0,2743.0,2821.0,2706.0555555555557,42.077309799940316,306.6451239236428,0.01491574257353432,61.0,-2.1000000000000227,0.13898540653231412,0.38314176245210724,5.067444403937295,2.1623537752570012,6.501878502946064,-0.2552881108679823,0.2610635844922107,823.5,822.6,812.25,8,3,0,2026
2026-08-25,2926,811.5,2815.0,2871.0,2743.0,2843.2,2717.6315789473683,62.46358939414351,302.2471781922017,0.021969467288317217,82.80000000000018,-9.200000000000045,3.9431616341030193,1.9157088122605364,6.671527524608094,2.9122115925717567,7.66727994577322,-1.120994273181436,2.9294352231817777,820.5,820.7,812.2105263157895,8,3,1,2026
2026-08-26,3056,794.5,2776.0,2871.0,2696.0,2899.2,2736.5789473684213,100.86476094256196,311.9441395487865,0.03479054944210885,156.80000000000018,-20.5,10.086455331412104,6.443747823058168,13.353115727002967,5.408388520971309,11.672276180401953,-2.5153374233128836,8.265101577235136,811.5,815.0,810.6052631578947,8,3,2,2026
2026-08-27,3107,794.5,2791.0,2844.0,2664.0,2962.4,2759.8947368421054,114.23353273010589,322.5919153662279,0.03856114391375435,144.5999999999999,-14.399999999999977,11.322106771766393,9.247538677918426,16.62912912912913,4.8811774237105015,12.576757313398673,-1.7801953269872641,10.28482272484241,794.5,808.9,810.0526315789474,8,3,3,2026
2026-08-28,3186,794.5,2841.0,2863.0,2632.0,3031.4,2789.0526315789475,126.14594721987768,335.1811241178637,0.041613098640851644,154.5999999999999,-8.600000000000023,12.143611404435058,11.281872162067762,21.048632218844983,5.099953816718345,14.232336956521733,-1.0708504544888584,11.71274178325141,794.5,803.1,809.3684210526316,8,3,4,2026
2026-09-01,1688,794.5,2926.0,2815.0,1718.0,2759.25,2797.470588235294,716.166356372596,359.64133481273416,0.2595510940917264,-1071.25,0.0,-42.31032125768968,-40.03552397868561,-1.7462165308498252,-38.823955785086525,-39.6597766890258,0.0,-41.17292261818764,794.5,794.5,807.5588235294117,9,3,1,2026
2026-09-02,1895,794.5,3056.0,2776.0,1718.0,2469.0,2747.3333333333335,787.5214282798916,408.63301527956975,0.31896372145803625,-574.0,0.0,-37.99083769633508,-31.736311239193082,10.30267753201397,-23.248278655326043,-31.024023295316677,0.0,-34.86357446776408,794.5,794.5,806.8333333333334,9,3,2,2026
2026-09-03,2066,794.5,3107.0,2791.0,2139.0,2208.75,2743.277777777778,669.5806523489163,415.3330067980995,0.3031491351890962,-142.75,0.0,-33.50498873511426,-25.976352561805804,-3.412809724170173,-6.462931522354273,-24.688632819619677,0.0,-29.740670648460032,794.5,794.5,806.1666666666666,9,3,3,2026
2026-09-04,2161,794.5,3186.0,2841.0,2978.0,1952.5,2697.8888888888887,207.86293560902172,432.4618839224493,0.10645989019668206,208.5,0.0,-32.172002510985564,-23.93523407250968,-27.434519811954335,10.678617157490397,-19.900333594168274,0.0,-28.053618291747622,794.5,794.5,806.3333333333334,9,3,4,2026
